timestamp,driver_number,type,speed,fastest,personal_fastest
00:57:50.360,1,I1,213,True,True
00:57:50.891,12,I1,207,False,True
00:57:51.319,81,I1,211,False,True
00:57:51.885,63,I1,207,False,True
00:57:52.541,23,I1,210,False,True
00:57:52.982,4,I1,208,False,True
00:57:53.623,55,I1,212,False,True
00:57:54.090,16,I1,210,False,True
00:57:54.466,22,I1,204,False,True
00:57:54.711,31,I1,201,False,True
00:57:54.736,6,I1,208,False,True
00:57:55.183,5,I1,205,False,True
00:57:55.471,44,I1,208,False,True
00:57:55.697,27,I1,209,False,True
00:57:55.836,18,I1,211,False,True
00:57:56.215,87,I1,210,False,True
00:57:56.626,14,I1,208,False,True
00:57:56.973,10,I1,209,False,True
00:58:10.171,30,I1,205,False,True
00:58:17.357,7,I1,83,False,True
00:58:25.009,1,I2,184,True,True
00:58:26.360,12,I2,183,False,True
00:58:26.920,81,I2,185,True,True
00:58:27.596,63,I2,184,False,True
00:58:28.149,23,I2,183,False,True
00:58:28.913,4,I2,182,False,True
00:58:29.319,55,I2,182,False,True
00:58:29.895,16,I2,185,False,True
00:58:30.635,22,I2,183,False,True
00:58:31.066,31,I2,186,True,True
00:58:31.494,6,I2,183,False,True
00:58:31.920,44,I2,186,False,True
00:58:32.419,5,I2,184,False,True
00:58:32.795,27,I2,187,True,True
00:58:33.178,18,I2,185,False,True
00:58:33.741,87,I2,185,False,True
00:58:34.170,14,I2,182,False,True
00:58:34.757,10,I2,182,False,True
00:58:38.320,1,ST,302,True,True
00:58:39.393,12,ST,313,True,True
00:58:39.619,81,ST,312,False,True
00:58:40.551,63,ST,312,False,True
00:58:41.022,23,ST,311,False,True
00:58:41.720,4,ST,313,True,True
00:58:42.088,55,ST,312,False,True
00:58:42.882,16,ST,282,False,True
00:58:43.599,22,ST,307,False,True
00:58:44.101,31,ST,314,True,True
00:58:44.474,6,ST,305,False,True
00:58:44.783,44,ST,309,False,True
00:58:45.223,5,ST,310,False,True
00:58:45.523,27,ST,309,False,True
00:58:45.726,30,I2,185,False,True
00:58:46.028,18,ST,326,True,True
00:58:46.747,87,ST,314,False,True
00:58:47.122,14,ST,299,False,True
00:58:47.619,10,ST,309,False,True
00:58:58.685,30,ST,308,False,True
00:59:22.919,1,I1,208,False,False
00:59:24.473,12,I1,209,False,False
00:59:24.993,81,I1,209,False,False
00:59:25.767,63,I1,204,False,False
00:59:27.137,4,I1,210,False,False
00:59:27.959,55,I1,205,False,False
00:59:28.391,16,I1,203,False,False
00:59:29.004,22,I1,206,False,False
00:59:29.625,31,I1,210,False,False
00:59:30.671,44,I1,211,False,False
00:59:31.573,5,I1,211,False,False
00:59:31.903,27,I1,213,False,False
00:59:32.305,18,I1,209,False,False
00:59:32.897,87,I1,209,False,False
00:59:33.137,14,I1,214,True,False
00:59:33.760,10,I1,208,False,False
00:59:51.560,30,I1,104,False,False
01:00:10.734,1,I2,130,False,False
01:00:12.434,12,I2,130,False,False
01:00:13.582,81,I2,148,False,False
01:00:13.934,63,I2,157,False,False
01:00:15.635,23,I2,158,False,False
01:00:18.520,4,I2,149,False,False
01:00:19.639,55,I2,154,False,False
01:00:21.411,16,I2,161,False,False
01:00:22.985,22,I2,139,False,False
01:00:24.310,31,I2,152,False,False
01:00:26.246,1,ST,257,False,False
01:00:27.772,6,I2,142,False,False
01:00:28.182,12,ST,246,False,False
01:00:28.491,44,I2,149,False,False
01:00:29.580,81,ST,197,False,False
01:00:30.062,63,ST,154,False,False
01:00:30.200,5,I2,153,False,False
01:00:31.073,23,ST,159,False,False
01:00:32.421,27,I2,157,False,False
01:00:33.534,4,ST,212,False,False
01:00:34.339,18,I2,154,False,False
01:00:34.534,55,ST,215,False,False
01:00:35.438,87,I2,140,False,False
01:00:36.311,16,ST,201,False,False
01:00:36.542,14,I2,168,False,False
01:00:37.745,22,ST,272,False,False
01:00:38.182,10,I2,153,False,False
01:00:39.561,31,ST,229,False,False
01:00:42.666,30,I2,153,False,False
01:00:42.771,6,ST,261,False,False
01:00:43.527,44,ST,268,False,False
01:00:45.200,5,ST,246,False,False
01:00:47.334,27,ST,236,False,False
01:00:48.884,18,ST,203,False,False
01:00:50.363,87,ST,219,False,False
01:00:50.839,14,ST,216,False,False
01:00:52.611,10,ST,254,False,False
01:00:57.411,30,ST,250,False,False
01:01:26.398,1,I1,143,False,False
01:01:28.320,12,I1,139,False,False
01:01:29.048,81,I1,130,False,False
01:01:30.489,63,I1,150,False,False
01:01:31.536,23,I1,146,False,False
01:01:32.861,4,I1,127,False,False
01:01:34.294,55,I1,122,False,False
01:01:35.414,16,I1,149,False,False
01:01:36.088,22,I1,147,False,False
01:01:36.861,31,I1,160,False,False
01:01:37.217,6,I1,170,False,False
01:01:37.820,44,I1,167,False,False
01:01:38.475,5,I1,172,False,False
01:01:39.658,27,I1,165,False,False
01:01:40.477,18,I1,173,False,False
01:01:40.935,87,I1,156,False,False
01:01:41.506,14,I1,190,False,False
01:01:42.306,10,I1,176,False,False
01:01:57.174,30,I1,170,False,False
01:02:15.170,1,I2,178,False,False
01:02:17.401,12,I2,164,False,False
01:02:19.065,81,I2,156,False,False
01:02:19.470,63,I2,173,False,False
01:02:21.472,23,I2,174,False,False
01:02:24.025,4,I2,154,False,False
01:02:25.223,55,I2,165,False,False
01:02:26.973,16,I2,170,False,False
01:02:28.301,22,I2,159,False,False
01:02:29.583,31,I2,164,False,False
01:02:31.173,6,I2,159,False,False
01:02:31.808,44,I2,150,False,False
01:02:32.241,5,I2,165,False,False
01:02:32.862,27,I2,180,False,False
01:02:33.326,1,ST,195,False,False
01:02:34.221,18,I2,182,False,False
01:02:34.313,12,ST,192,False,False
01:02:34.696,87,I2,174,False,False
01:02:35.361,81,ST,176,False,False
01:02:35.361,14,I2,185,False,True
01:02:36.261,10,I2,173,False,False
01:02:36.261,63,ST,218,False,False
01:02:37.087,23,ST,227,False,False
01:02:38.420,4,ST,228,False,False
01:02:38.907,55,ST,256,False,False
01:02:40.901,16,ST,300,False,True
01:02:42.443,22,ST,308,False,True
01:02:43.410,31,ST,307,False,False
01:02:45.138,6,ST,315,False,True
01:02:45.412,30,I2,185,False,True
01:02:45.412,44,ST,317,False,True
01:02:45.614,5,ST,280,False,False
01:02:45.947,27,ST,262,False,False
01:02:47.048,18,ST,313,False,False
01:02:47.867,87,ST,322,False,True
01:02:48.135,14,ST,314,False,True
01:02:49.395,10,ST,298,False,False
01:02:58.189,30,ST,308,False,True
01:03:19.647,1,I1,204,False,False
01:03:21.200,12,I1,209,False,False
01:03:21.577,81,I1,212,False,True
01:03:22.411,63,I1,208,False,True
01:03:23.199,23,I1,211,False,True
01:03:23.599,4,I1,210,False,False
01:03:24.589,55,I1,207,False,False
01:03:25.710,16,I1,204,False,False
01:03:26.958,22,I1,206,False,True
01:03:28.006,31,I1,210,False,True
01:03:29.837,44,I1,209,False,False
01:03:31.137,6,I1,206,False,False
01:03:31.636,5,I1,211,False,True
01:03:32.004,27,I1,212,False,False
01:03:32.653,18,I1,209,False,False
01:03:33.139,87,I1,211,False,True
01:03:33.683,14,I1,209,False,False
01:03:34.761,10,I1,209,False,False
01:03:43.379,30,I1,211,False,True
01:03:54.821,1,I2,183,False,False
01:03:55.988,81,I2,185,False,False
01:03:56.799,12,I2,181,False,False
01:03:57.464,63,I2,184,False,True
01:03:58.321,4,I2,183,False,True
01:03:58.751,23,I2,183,False,False
01:03:59.521,55,I2,183,False,True
01:04:00.729,16,I2,183,False,False
01:04:02.321,22,I2,181,False,False
01:04:03.373,31,I2,185,False,False
01:04:04.952,44,I2,185,False,False
01:04:06.629,6,I2,183,False,False
01:04:07.199,5,I2,184,False,False
01:04:07.550,27,I2,186,False,False
01:04:08.084,1,ST,303,False,True
01:04:08.136,18,I2,184,False,False
01:04:08.784,87,I2,183,False,False
01:04:09.034,81,ST,306,False,False
01:04:09.295,14,I2,184,False,False
01:04:09.673,12,ST,324,False,True
01:04:10.258,63,ST,328,True,True
01:04:10.555,10,I2,182,False,True
01:04:10.985,4,ST,313,False,True
01:04:11.383,23,ST,313,False,True
01:04:12.111,55,ST,334,True,True
01:04:13.711,16,ST,319,False,True
01:04:15.336,22,ST,307,False,False
01:04:16.051,31,ST,321,False,True
01:04:17.835,44,ST,314,False,False
01:04:18.695,30,I2,183,False,False
01:04:19.578,6,ST,311,False,False
01:04:19.740,5,ST,290,False,False
01:04:20.175,27,ST,314,False,True
01:04:20.916,18,ST,328,False,True
01:04:21.463,87,ST,343,True,True
01:04:21.737,14,ST,337,False,True
01:04:23.481,10,ST,304,False,False
01:04:31.522,30,ST,307,False,False
01:04:52.322,1,I1,206,False,False
01:04:53.299,81,I1,210,False,False
01:04:54.311,12,I1,208,False,False
01:04:55.084,63,I1,206,False,False
01:04:55.622,4,I1,209,False,False
01:04:56.899,23,I1,200,False,False
01:04:57.291,55,I1,209,False,False
01:04:58.299,16,I1,208,False,False
01:05:00.763,31,I1,209,False,False
01:05:04.374,6,I1,209,False,True
01:05:05.284,5,I1,210,False,False
01:05:05.969,27,I1,211,False,False
01:05:07.223,87,I1,210,False,False
01:05:07.611,14,I1,208,False,False
01:05:08.883,10,I1,203,False,False
01:05:17.328,30,I1,202,False,False
01:05:27.036,1,I2,184,False,False
01:05:28.496,81,I2,185,False,False
01:05:29.500,12,I2,184,False,True
01:05:30.196,63,I2,186,False,True
01:05:30.913,4,I2,184,False,True
01:05:31.811,55,I2,184,False,True
01:05:32.799,23,I2,181,False,False
01:05:33.436,16,I2,183,False,False
01:05:35.139,22,I2,181,False,False
01:05:35.938,31,I2,185,False,False
01:05:37.736,44,I2,184,False,False
01:05:39.663,6,I2,183,False,False
01:05:40.166,1,ST,304,False,True
01:05:40.595,5,I2,184,False,True
01:05:41.259,27,I2,184,False,False
01:05:41.404,81,ST,310,False,False
01:05:41.938,18,I2,183,False,False
01:05:42.588,12,ST,317,False,False
01:05:42.739,87,I2,184,False,False
01:05:42.999,63,ST,321,False,False
01:05:43.099,14,I2,182,False,False
01:05:43.636,4,ST,311,False,False
01:05:44.475,55,ST,325,False,False
01:05:44.639,10,I2,181,False,False
01:05:45.288,23,ST,321,False,True
01:05:46.052,16,ST,329,False,True
01:05:48.158,22,ST,306,False,False
01:05:48.832,31,ST,317,False,False
01:05:50.724,44,ST,314,False,False
01:05:52.599,6,ST,307,False,False
01:05:52.962,30,I2,183,False,False
01:05:53.365,5,ST,319,False,True
01:05:53.962,27,ST,300,False,False
01:05:54.684,18,ST,333,False,True
01:05:55.443,87,ST,334,False,False
01:05:55.702,14,ST,282,False,False
01:05:57.624,10,ST,310,False,True
01:06:05.900,30,ST,309,False,True
01:06:27.103,12,I1,204,False,False
01:06:27.636,63,I1,208,False,True
01:06:29.760,55,I1,205,False,False
01:06:30.536,23,I1,207,False,False
01:06:32.767,22,I1,209,False,True
01:06:33.637,31,I1,210,False,False
01:06:35.825,44,I1,207,False,False
01:06:37.511,6,I1,207,False,False
01:06:38.430,5,I1,212,False,True
01:06:40.785,87,I1,211,False,False
01:06:41.473,14,I1,205,False,False
01:06:43.123,10,I1,208,False,False
01:06:51.463,30,I1,207,False,False
01:06:59.066,1,I2,184,False,True
01:07:00.410,81,I2,185,False,False
01:07:02.280,12,I2,184,False,True
01:07:03.176,63,I2,183,False,False
01:07:03.699,4,I2,184,False,True
01:07:04.913,55,I2,181,False,False
01:07:05.739,23,I2,182,False,False
01:07:06.773,16,I2,181,False,False
01:07:08.114,22,I2,181,False,False
01:07:09.006,31,I2,184,False,False
01:07:11.160,44,I2,184,False,False
01:07:12.159,1,ST,305,False,True
01:07:12.896,6,I2,183,False,False
01:07:13.443,81,ST,309,False,False
01:07:13.838,5,I2,183,False,False
01:07:14.586,27,I2,184,False,False
01:07:15.311,18,I2,183,False,False
01:07:15.359,12,ST,316,False,False
01:07:15.923,63,ST,322,False,False
01:07:16.249,87,I2,184,False,False
01:07:16.286,4,ST,314,False,True
01:07:16.902,14,I2,181,False,False
01:07:17.767,55,ST,322,False,False
01:07:18.411,23,ST,317,False,False
01:07:18.784,10,I2,182,False,False
01:07:19.506,16,ST,317,False,False
01:07:21.178,22,ST,309,False,True
01:07:21.666,31,ST,328,False,True
01:07:24.053,44,ST,314,False,False
01:07:25.845,6,ST,314,False,False
01:07:26.575,5,ST,320,False,True
01:07:27.165,27,ST,290,False,False
01:07:27.200,30,I2,182,False,False
01:07:27.885,18,ST,328,False,False
01:07:28.829,87,ST,333,False,False
01:07:29.648,14,ST,316,False,False
01:07:31.787,10,ST,309,False,False
01:07:40.198,30,ST,307,False,False
01:07:57.679,81,I1,209,False,False
01:08:00.055,12,I1,206,False,False
01:08:01.164,4,I1,208,False,False
01:08:01.973,63,I1,206,False,False
01:08:02.824,55,I1,207,False,False
01:08:04.422,16,I1,207,False,False
01:08:05.803,22,I1,208,False,False
01:08:10.804,6,I1,209,False,False
01:08:11.885,5,I1,210,False,False
01:08:13.437,18,I1,207,False,False
01:08:14.024,87,I1,209,False,False
01:08:14.658,14,I1,202,False,False
01:08:17.111,10,I1,206,False,False
01:08:25.737,30,I1,205,False,False
01:08:31.219,1,I2,184,False,False
01:08:32.784,81,I2,183,False,False
01:08:35.388,12,I2,181,False,False
01:08:36.463,4,I2,182,False,False
01:08:37.516,63,I2,183,False,False
01:08:38.094,55,I2,183,False,False
01:08:38.879,23,I2,181,False,False
01:08:39.786,16,I2,179,False,False
01:08:41.276,22,I2,180,False,False
01:08:42.007,31,I2,184,False,False
01:08:44.223,44,I2,183,False,False
01:08:44.301,1,ST,306,False,True
01:08:45.689,81,ST,313,False,True
01:08:46.174,6,I2,182,False,False
01:08:47.347,5,I2,184,False,True
01:08:48.040,27,I2,183,False,False
01:08:48.364,12,ST,314,False,False
01:08:48.851,18,I2,182,False,False
01:08:49.405,4,ST,305,False,False
01:08:49.541,87,I2,184,False,False
01:08:50.385,14,I2,180,False,False
01:08:50.501,63,ST,321,False,False
01:08:50.700,55,ST,331,False,False
01:08:51.401,23,ST,329,False,True
01:08:52.500,16,ST,321,False,False
01:08:52.849,10,I2,179,False,False
01:08:54.191,22,ST,310,False,True
01:08:54.797,31,ST,329,False,True
01:08:57.025,44,ST,316,False,False
01:08:58.994,6,ST,312,False,False
01:09:00.182,5,ST,312,False,False
01:09:00.792,27,ST,309,False,False
01:09:01.298,30,I2,184,False,False
01:09:01.374,18,ST,319,False,False
01:09:02.313,87,ST,334,False,False
01:09:03.085,14,ST,322,False,False
01:09:05.959,10,ST,315,False,True
01:09:14.194,30,ST,311,False,True
01:09:28.774,1,I1,208,False,False
01:09:29.901,81,I1,210,False,False
01:09:33.076,12,I1,205,False,False
01:09:33.913,4,I1,203,False,False
01:09:35.298,63,I1,207,False,False
01:09:36.216,55,I1,205,False,False
01:09:36.786,23,I1,205,False,False
01:09:39.027,22,I1,207,False,False
01:09:39.817,31,I1,209,False,False
01:09:41.937,44,I1,205,False,False
01:09:44.037,6,I1,205,False,False
01:09:46.091,27,I1,209,False,False
01:09:47.005,18,I1,209,False,False
01:09:47.785,87,I1,207,False,False
01:09:51.297,10,I1,204,False,False
01:09:59.764,30,I1,208,False,False
01:10:03.724,1,I2,184,False,False
01:10:04.785,81,I2,184,False,False
01:10:08.364,12,I2,180,False,False
01:10:09.126,4,I2,183,False,False
01:10:10.597,63,I2,183,False,False
01:10:11.400,55,I2,181,False,False
01:10:12.123,23,I2,181,False,False
01:10:13.097,16,I2,180,False,False
01:10:14.483,22,I2,180,False,False
01:10:15.344,31,I2,184,False,False
01:10:16.983,1,ST,307,False,True
01:10:17.444,44,I2,184,False,False
01:10:17.526,81,ST,326,False,True
01:10:19.364,6,I2,182,False,False
01:10:20.820,5,I2,183,False,False
01:10:21.375,12,ST,317,False,False
01:10:21.609,27,I2,185,False,False
01:10:21.734,4,ST,313,False,False
01:10:22.494,18,I2,184,False,False
01:10:23.398,87,I2,184,False,False
01:10:23.565,63,ST,317,False,False
01:10:23.768,14,I2,182,False,False
01:10:24.034,55,ST,325,False,False
01:10:24.614,23,ST,329,False,True
01:10:25.975,16,ST,315,False,False
01:10:26.857,10,I2,182,False,False
01:10:27.564,22,ST,312,False,True
01:10:28.164,31,ST,325,False,False
01:10:30.301,44,ST,316,False,False
01:10:32.214,6,ST,310,False,False
01:10:33.842,5,ST,311,False,False
01:10:34.285,27,ST,311,False,False
01:10:35.067,18,ST,324,False,False
01:10:35.439,30,I2,182,False,False
01:10:35.899,87,ST,342,False,False
01:10:36.485,14,ST,314,False,False
01:10:39.901,10,ST,309,False,False
01:10:48.440,30,ST,306,False,False
01:11:01.807,81,I1,208,False,False
01:11:06.014,12,I1,207,False,False
01:11:06.466,4,I1,205,False,False
01:11:08.323,63,I1,210,False,True
01:11:09.264,55,I1,207,False,False
01:11:10.100,23,I1,206,False,False
01:11:11.066,16,I1,208,False,False
01:11:12.323,22,I1,209,False,False
01:11:15.114,44,I1,207,False,False
01:11:17.455,6,I1,208,False,False
01:11:18.720,5,I1,211,False,False
01:11:19.642,27,I1,208,False,False
01:11:20.470,18,I1,207,False,False
01:11:21.189,87,I1,206,False,False
01:11:21.611,14,I1,205,False,False
01:11:25.174,10,I1,207,False,False
01:11:36.126,1,I2,183,False,False
01:11:37.023,81,I2,184,False,False
01:11:41.077,4,I2,183,False,False
01:11:41.930,12,I2,180,False,False
01:11:43.605,63,I2,183,False,False
01:11:44.476,55,I2,181,False,False
01:11:45.113,23,I2,180,False,False
01:11:46.242,16,I2,180,False,False
01:11:47.656,22,I2,180,False,False
01:11:49.061,31,I2,184,False,False
01:11:49.213,1,ST,306,False,False
01:11:49.664,81,ST,328,False,True
01:11:50.481,44,I2,183,False,False
01:11:52.815,6,I2,181,False,False
01:11:54.102,4,ST,312,False,False
01:11:54.176,5,I2,185,False,True
01:11:54.816,12,ST,313,False,False
01:11:55.075,27,I2,184,False,False
01:11:56.061,18,I2,183,False,False
01:11:56.641,63,ST,316,False,False
01:11:56.824,87,I2,184,False,False
01:11:57.246,55,ST,324,False,False
01:11:57.698,23,ST,333,False,True
01:11:59.102,16,ST,322,False,False
01:12:00.689,10,I2,182,False,False
01:12:00.764,22,ST,311,False,False
01:12:02.024,31,ST,317,False,False
01:12:03.461,44,ST,319,False,True
01:12:04.361,14,I2,182,False,False
01:12:05.798,6,ST,315,False,True
01:12:07.066,5,ST,313,False,False
01:12:07.764,27,ST,320,False,True
01:12:08.639,18,ST,333,False,True
01:12:09.369,30,I2,182,False,False
01:12:09.466,87,ST,334,False,False
01:12:13.687,10,ST,313,False,False
01:12:17.424,14,ST,305,False,False
01:12:22.461,30,ST,301,False,False
01:12:33.368,1,I1,209,False,False
01:12:34.016,81,I1,209,False,False
01:12:38.103,4,I1,208,False,False
01:12:39.763,12,I1,205,False,False
01:12:41.286,63,I1,206,False,False
01:12:42.138,55,I1,205,False,False
01:12:43.756,16,I1,207,False,False
01:12:45.501,22,I1,207,False,False
01:12:48.131,44,I1,205,False,False
01:12:50.652,6,I1,207,False,False
01:12:52.838,27,I1,210,False,False
01:12:54.018,18,I1,208,False,False
01:13:08.057,30,I1,209,False,False
01:13:08.338,1,I2,183,False,False
01:13:09.088,81,I2,186,False,True
01:13:13.004,4,I2,183,False,False
01:13:15.024,12,I2,180,False,False
01:13:16.650,63,I2,183,False,False
01:13:17.241,55,I2,183,False,False
01:13:17.838,23,I2,183,False,True
01:13:19.003,16,I2,181,False,False
01:13:20.886,22,I2,180,False,False
01:13:21.514,1,ST,306,False,False
01:13:21.697,81,ST,320,False,False
01:13:22.386,31,I2,185,False,False
01:13:23.376,44,I2,184,False,False
01:13:25.867,6,I2,181,False,False
01:13:25.948,4,ST,309,False,False
01:13:27.415,5,I2,184,False,False
01:13:28.000,12,ST,316,False,False
01:13:28.588,27,I2,185,False,False
01:13:29.555,63,ST,320,False,False
01:13:29.714,18,I2,184,False,False
01:13:29.864,55,ST,326,False,False
01:13:30.424,23,ST,334,False,True
01:13:30.443,87,I2,183,False,False
01:13:31.865,16,ST,317,False,False
01:13:33.939,22,ST,314,False,True
01:13:34.277,10,I2,182,False,False
01:13:35.345,31,ST,315,False,False
01:13:36.231,44,ST,319,False,True
01:13:37.817,14,I2,183,False,False
01:13:38.917,6,ST,311,False,False
01:13:40.439,5,ST,308,False,False
01:13:41.443,27,ST,302,False,False
01:13:42.492,18,ST,320,False,False
01:13:43.338,87,ST,331,False,False
01:13:43.730,30,I2,181,False,False
01:13:47.230,10,ST,313,False,False
01:13:50.865,14,ST,313,False,False
01:13:56.675,30,ST,305,False,False
01:14:06.017,1,I1,208,False,False
01:14:06.527,81,I1,210,False,False
01:14:10.036,4,I1,206,False,False
01:14:12.755,12,I1,206,False,False
01:14:14.328,63,I1,208,False,False
01:14:15.404,55,I1,207,False,False
01:14:15.877,23,I1,207,False,False
01:14:17.063,16,I1,206,False,False
01:14:18.789,22,I1,206,False,False
01:14:20.166,31,I1,210,False,False
01:14:21.106,44,I1,206,False,False
01:14:23.785,6,I1,208,False,False
01:14:25.427,5,I1,210,False,False
01:14:28.505,87,I1,208,False,False
01:14:32.087,10,I1,208,False,False
01:14:35.601,14,I1,207,False,False
01:14:41.094,1,I2,183,False,False
01:14:41.869,81,I2,183,False,False
01:14:44.803,4,I2,185,False,True
01:14:47.726,12,I2,179,False,False
01:14:49.409,63,I2,182,False,False
01:14:50.774,55,I2,184,False,False
01:14:51.337,23,I2,181,False,False
01:14:52.337,16,I2,180,False,False
01:14:54.040,22,I2,180,False,False
01:14:54.274,1,ST,306,False,False
01:14:54.587,81,ST,320,False,False
01:14:55.571,31,I2,183,False,False
01:14:56.508,44,I2,183,False,False
01:14:57.821,4,ST,314,False,False
01:14:58.903,6,I2,182,False,False
01:15:00.686,12,ST,318,False,False
01:15:00.904,5,I2,183,False,False
01:15:02.097,27,I2,184,False,False
01:15:02.339,63,ST,314,False,False
01:15:03.239,18,I2,184,False,False
01:15:03.688,55,ST,316,False,False
01:15:03.766,23,ST,345,True,True
01:15:04.141,87,I2,183,False,False
01:15:05.403,16,ST,318,False,False
01:15:07.003,22,ST,307,False,False
01:15:07.525,10,I2,182,False,False
01:15:08.539,31,ST,313,False,False
01:15:09.587,44,ST,313,False,False
01:15:11.025,14,I2,183,False,False
01:15:12.027,6,ST,306,False,False
01:15:13.933,5,ST,308,False,False
01:15:15.139,27,ST,300,False,False
01:15:16.176,18,ST,322,False,False
01:15:17.031,87,ST,328,False,False
01:15:17.652,30,I2,181,False,False
01:15:20.449,10,ST,314,False,False
01:15:23.843,14,ST,318,False,False
01:15:30.739,30,ST,302,False,False
01:15:38.155,1,I1,209,False,False
01:15:45.214,12,I1,204,False,False
01:15:47.181,63,I1,207,False,False
01:15:48.626,55,I1,206,False,False
01:15:50.417,16,I1,208,False,False
01:15:51.866,22,I1,207,False,False
01:15:53.319,31,I1,209,False,False
01:15:54.320,44,I1,208,False,False
01:16:00.143,27,I1,208,False,False
01:16:05.374,10,I1,207,False,False
01:16:08.340,14,I1,206,False,False
01:16:13.326,1,I2,183,False,False
01:16:14.203,81,I2,184,False,False
01:16:16.116,30,I1,210,False,False
01:16:16.675,4,I2,183,False,False
01:16:20.500,12,I2,180,False,False
01:16:22.319,63,I2,183,False,False
01:16:24.078,55,I2,184,False,False
01:16:24.945,23,I2,182,False,False
01:16:25.726,16,I2,181,False,False
01:16:26.476,1,ST,305,False,False
01:16:26.978,81,ST,324,False,False
01:16:27.305,22,I2,179,False,False
01:16:28.787,31,I2,183,False,False
01:16:29.600,4,ST,313,False,False
01:16:29.725,44,I2,184,False,False
01:16:32.318,6,I2,182,False,False
01:16:33.517,12,ST,317,False,False
01:16:34.318,5,I2,184,False,False
01:16:35.148,63,ST,317,False,False
01:16:35.711,27,I2,184,False,False
01:16:36.876,18,I2,184,False,False
01:16:37.108,55,ST,314,False,False
01:16:37.625,87,I2,183,False,False
01:16:37.625,23,ST,329,False,False
01:16:38.428,16,ST,330,False,True
01:16:40.294,22,ST,308,False,False
01:16:40.629,10,I2,182,False,False
01:16:41.676,31,ST,317,False,False
01:16:42.615,44,ST,326,False,True
01:16:43.615,14,I2,183,False,False
01:16:45.303,6,ST,311,False,False
01:16:47.341,5,ST,312,False,False
01:16:48.657,27,ST,314,False,False
01:16:49.747,18,ST,324,False,False
01:16:50.426,87,ST,330,False,False
01:16:51.888,30,I2,182,False,False
01:16:53.619,10,ST,315,False,False
01:16:56.601,14,ST,318,False,False
01:17:04.725,30,ST,297,False,False
01:17:10.607,1,I1,208,False,False
01:17:11.244,81,I1,208,False,False
01:17:13.644,4,I1,205,False,False
01:17:19.866,63,I1,208,False,False
01:17:22.015,55,I1,207,False,False
01:17:22.767,23,I1,205,False,False
01:17:23.588,16,I1,203,False,False
01:17:27.516,44,I1,206,False,False
01:17:30.276,6,I1,207,False,False
01:17:32.340,5,I1,211,False,False
01:17:33.525,27,I1,207,False,False
01:17:34.963,18,I1,207,False,False
01:17:35.715,87,I1,206,False,False
01:17:38.325,10,I1,205,False,False
01:17:41.125,14,I1,203,False,False
01:17:45.501,1,I2,183,False,False
01:17:46.241,81,I2,185,False,False
01:17:48.367,4,I2,183,False,False
01:17:50.327,30,I1,208,False,False
01:17:53.207,12,I2,181,False,False
01:17:55.103,63,I2,182,False,False
01:17:57.257,55,I2,182,False,False
01:17:58.016,23,I2,182,False,False
01:17:58.626,1,ST,314,False,True
01:17:58.942,81,ST,336,False,True
01:17:58.958,16,I2,182,False,False
01:18:00.567,22,I2,180,False,False
01:18:01.327,4,ST,313,False,False
01:18:01.980,31,I2,183,False,False
01:18:02.626,44,I2,183,False,False
01:18:05.616,6,I2,182,False,False
01:18:06.177,12,ST,314,False,False
01:18:07.726,5,I2,184,False,False
01:18:08.055,63,ST,312,False,False
01:18:09.193,27,I2,184,False,False
01:18:10.118,55,ST,317,False,False
01:18:10.645,23,ST,324,False,False
01:18:10.645,18,I2,181,False,False
01:18:11.288,87,I2,183,False,False
01:18:11.727,16,ST,333,False,True
01:18:13.540,22,ST,313,False,False
01:18:13.889,10,I2,182,False,False
01:18:14.841,31,ST,317,False,False
01:18:15.400,44,ST,329,False,True
01:18:16.629,14,I2,182,False,False
01:18:18.509,6,ST,310,False,False
01:18:20.567,5,ST,311,False,False
01:18:22.004,27,ST,308,False,False
01:18:23.613,18,ST,321,False,False
01:18:23.973,87,ST,332,False,False
01:18:26.226,30,I2,182,False,False
01:18:26.923,10,ST,316,False,True
01:18:29.627,14,ST,320,False,False
01:18:39.130,30,ST,304,False,False
01:18:43.977,81,I1,211,False,False
01:18:45.048,1,I1,207,False,False
01:18:45.804,4,I1,208,False,False
01:18:51.044,12,I1,205,False,False
01:18:52.642,63,I1,202,False,False
01:18:55.079,55,I1,209,False,False
01:18:55.567,23,I1,208,False,False
01:18:56.877,16,I1,207,False,False
01:18:58.340,22,I1,209,False,False
01:18:59.785,31,I1,210,False,True
01:19:00.415,44,I1,209,False,False
01:19:03.841,6,I1,208,False,False
01:19:05.594,5,I1,209,False,False
01:19:07.226,27,I1,209,False,False
01:19:09.436,18,I1,209,False,False
01:19:09.867,87,I1,208,False,False
01:19:11.677,10,I1,206,False,False
01:19:14.364,14,I1,202,False,False
01:19:18.995,81,I2,185,False,False
01:19:20.307,1,I2,183,False,False
01:19:20.904,4,I2,182,False,False
01:19:24.756,30,I1,209,False,False
01:19:25.919,12,I2,181,False,False
01:19:27.902,63,I2,183,False,False
01:19:30.677,23,I2,182,False,False
01:19:31.161,55,I2,183,False,False
01:19:31.996,81,ST,311,False,False
01:19:32.317,16,I2,182,False,False
01:19:33.291,1,ST,316,False,True
01:19:33.491,4,ST,324,False,True
01:19:33.632,22,I2,180,False,False
01:19:35.051,31,I2,184,False,False
01:19:35.764,44,I2,184,False,False
01:19:39.000,12,ST,316,False,False
01:19:39.087,6,I2,182,False,False
01:19:40.826,63,ST,314,False,False
01:19:41.082,5,I2,184,False,False
01:19:42.802,27,I2,184,False,False
01:19:43.358,23,ST,321,False,False
01:19:43.679,55,ST,338,False,True
01:19:45.102,18,I2,183,False,False
01:19:45.229,16,ST,316,False,False
01:19:45.593,87,I2,183,False,False
01:19:46.855,22,ST,311,False,False
01:19:47.128,10,I2,182,False,False
01:19:47.947,31,ST,322,False,False
01:19:48.369,44,ST,333,False,True
01:19:49.807,14,I2,182,False,False
01:19:52.108,6,ST,311,False,False
01:19:54.060,5,ST,308,False,False
01:19:55.533,27,ST,309,False,False
01:19:57.905,18,ST,324,False,False
01:19:58.274,87,ST,341,False,False
01:20:00.130,10,ST,316,False,False
01:20:00.788,30,I2,182,False,False
01:20:02.829,14,ST,315,False,False
01:20:13.652,30,ST,311,False,False
01:20:18.755,1,I1,205,False,False
01:20:19.490,4,I1,210,False,False
01:20:23.602,12,I1,208,False,False
01:20:25.426,63,I1,206,False,False
01:20:28.345,23,I1,205,False,False
01:20:29.289,55,I1,206,False,False
01:20:30.316,16,I1,205,False,False
01:20:31.552,22,I1,206,False,False
01:20:32.864,31,I1,211,False,False
01:20:40.506,27,I1,211,False,False
01:20:42.927,18,I1,206,False,False
01:20:45.052,10,I1,207,False,False
01:20:47.392,14,I1,205,False,False
01:20:50.756,81,I2,184,False,False
01:20:53.942,1,I2,182,False,False
01:20:54.592,4,I2,184,False,False
01:20:58.741,12,I2,181,False,False
01:21:00.570,63,I2,182,False,False
01:21:03.618,23,I2,182,False,False
01:21:03.792,81,ST,309,False,False
01:21:04.641,55,I2,180,False,False
01:21:05.728,16,I2,182,False,False
01:21:06.968,1,ST,310,False,False
01:21:07.096,22,I2,181,False,False
01:21:07.401,4,ST,298,False,False
01:21:08.518,31,I2,184,False,False
01:21:09.113,44,I2,184,False,False
01:21:11.785,12,ST,312,False,False
01:21:12.402,6,I2,182,False,False
01:21:13.643,63,ST,314,False,False
01:21:14.617,5,I2,184,False,False
01:21:16.418,27,I2,184,False,False
01:21:16.464,23,ST,318,False,False
01:21:17.290,55,ST,324,False,False
01:21:18.605,16,ST,320,False,False
01:21:18.605,18,I2,183,False,False
01:21:19.266,87,I2,184,False,False
01:21:20.068,22,ST,309,False,False
01:21:20.918,10,I2,182,False,False
01:21:21.380,31,ST,322,False,False
01:21:21.693,44,ST,340,False,True
01:21:23.052,14,I2,182,False,False
01:21:25.298,6,ST,312,False,False
01:21:27.527,5,ST,313,False,False
01:21:29.328,27,ST,310,False,False
01:21:31.569,18,ST,320,False,False
01:21:32.143,87,ST,327,False,False
01:21:33.892,10,ST,312,False,False
01:21:35.568,30,I2,182,False,False
01:21:35.932,14,ST,315,False,False
01:21:47.527,81,I1,210,False,False
01:21:48.530,30,ST,303,False,False
01:21:51.723,1,I1,208,False,False
01:21:52.399,4,I1,207,False,False
01:21:58.146,63,I1,205,False,False
01:22:01.074,23,I1,206,False,False
01:22:02.268,55,I1,204,False,False
01:22:03.427,16,I1,207,False,False
01:22:04.806,22,I1,207,False,False
01:22:06.304,31,I1,207,False,False
01:22:06.878,44,I1,205,False,False
01:22:10.195,6,I1,207,False,False
01:22:12.483,5,I1,210,False,False
01:22:14.128,27,I1,210,False,False
01:22:16.716,18,I1,207,False,False
01:22:18.829,10,I1,209,False,False
01:22:20.708,14,I1,204,False,False
01:22:22.478,81,I2,184,False,False
01:22:27.205,1,I2,182,False,False
01:22:27.742,4,I2,183,False,False
01:22:31.768,12,I2,181,False,False
01:22:33.580,63,I2,182,False,False
01:22:33.765,30,I1,208,False,False
01:22:35.442,81,ST,308,False,False
01:22:36.177,23,I2,182,False,False
01:22:37.244,55,I2,169,False,False
01:22:38.929,16,I2,181,False,False
01:22:40.368,1,ST,310,False,False
01:22:40.443,22,I2,180,False,False
01:22:40.635,4,ST,321,False,False
01:22:42.258,31,I2,182,False,False
01:22:42.627,44,I2,183,False,False
01:22:44.618,12,ST,313,False,False
01:22:45.566,6,I2,182,False,False
01:22:46.445,63,ST,310,False,False
01:22:48.327,5,I2,182,False,False
01:22:48.980,23,ST,319,False,False
01:22:49.887,27,I2,184,False,False
01:22:50.277,55,ST,319,False,False
01:22:51.965,16,ST,316,False,False
01:22:52.454,18,I2,184,False,False
01:22:53.070,87,I2,184,False,False
01:22:53.588,22,ST,312,False,False
01:22:54.253,10,I2,182,False,False
01:22:55.079,31,ST,322,False,False
01:22:55.181,44,ST,341,False,True
01:22:56.245,14,I2,182,False,False
01:22:58.427,6,ST,311,False,False
01:23:01.379,5,ST,310,False,False
01:23:03.017,27,ST,309,False,False
01:23:05.357,18,ST,321,False,False
01:23:05.794,87,ST,339,False,False
01:23:07.318,10,ST,316,False,True
01:23:09.105,14,ST,315,False,False
01:23:09.925,30,I2,183,False,False
01:23:22.945,30,ST,301,False,False
01:23:24.779,1,I1,206,False,False
01:23:29.269,12,I1,207,False,False
01:23:30.929,63,I1,206,False,False
01:23:33.644,23,I1,209,False,False
01:23:35.202,55,I1,208,False,False
01:23:38.202,22,I1,208,False,False
01:23:39.881,31,I1,209,False,False
01:23:40.421,44,I1,203,False,False
01:23:43.413,6,I1,208,False,False
01:23:50.563,18,I1,209,False,False
01:23:51.120,87,I1,209,False,False
01:23:52.143,10,I1,204,False,False
01:23:53.906,14,I1,203,False,False
01:23:54.329,81,I2,185,False,False
01:24:01.669,4,I2,183,False,False
01:24:02.128,1,I2,181,False,False
01:24:04.642,12,I2,181,False,False
01:24:06.169,63,I2,183,False,False
01:24:07.321,81,ST,308,False,False
01:24:08.294,30,I1,206,False,False
01:24:08.628,23,I2,183,False,False
01:24:10.311,55,I2,182,False,False
01:24:11.992,16,I2,182,False,False
01:24:13.718,22,I2,181,False,False
01:24:14.665,4,ST,285,False,False
01:24:14.912,1,ST,332,False,True
01:24:15.337,31,I2,184,False,False
01:24:15.907,44,I2,184,False,False
01:24:17.444,12,ST,314,False,False
01:24:18.839,6,I2,182,False,False
01:24:19.144,63,ST,314,False,False
01:24:21.490,23,ST,317,False,False
01:24:21.758,5,I2,184,False,False
01:24:23.194,55,ST,316,False,False
01:24:23.528,27,I2,184,False,False
01:24:24.929,16,ST,316,False,False
01:24:26.368,18,I2,184,False,False
01:24:26.779,22,ST,307,False,False
01:24:26.891,87,I2,183,False,False
01:24:27.769,10,I2,181,False,False
01:24:28.391,31,ST,309,False,False
01:24:28.728,44,ST,323,False,False
01:24:29.617,14,I2,182,False,False
01:24:31.869,6,ST,308,False,False
01:24:34.869,5,ST,308,False,False
01:24:36.377,27,ST,304,False,False
01:24:39.282,18,ST,317,False,False
01:24:39.729,87,ST,325,False,False
01:24:40.624,10,ST,322,False,True
01:24:42.642,14,ST,313,False,False
01:24:44.369,30,I2,180,False,False
01:24:51.061,81,I1,209,False,False
01:24:57.428,30,ST,301,False,False
01:24:59.729,1,I1,208,False,False
01:25:02.193,12,I1,208,False,False
01:25:03.703,63,I1,207,False,False
01:25:06.079,23,I1,206,False,False
01:25:09.616,16,I1,209,False,False
01:25:11.428,22,I1,207,False,False
01:25:13.788,44,I1,207,False,False
01:25:16.680,6,I1,207,False,False
01:25:21.407,27,I1,209,False,False
01:25:24.906,87,I1,208,False,False
01:25:26.221,81,I2,184,False,False
01:25:27.408,14,I1,202,False,False
01:25:34.866,4,I2,184,False,False
01:25:35.634,1,I2,182,False,False
01:25:37.443,12,I2,181,False,False
01:25:39.269,81,ST,309,False,False
01:25:39.319,63,I2,182,False,False
01:25:41.299,23,I2,183,False,False
01:25:43.031,30,I1,207,False,False
01:25:43.643,55,I2,181,False,False
01:25:45.173,16,I2,183,False,False
01:25:46.919,22,I2,182,False,False
01:25:47.896,4,ST,317,False,False
01:25:48.307,1,ST,330,False,False
01:25:48.733,31,I2,184,False,False
01:25:49.362,44,I2,185,False,False
01:25:50.455,12,ST,313,False,False
01:25:52.331,6,I2,181,False,False
01:25:52.331,63,ST,313,False,False
01:25:54.084,23,ST,318,False,False
01:25:55.577,5,I2,183,False,False
01:25:56.504,55,ST,318,False,False
01:25:57.094,27,I2,185,False,False
01:25:58.131,16,ST,311,False,False
01:25:59.891,18,I2,184,False,False
01:26:00.054,22,ST,310,False,False
01:26:00.691,87,I2,184,False,False
01:26:01.370,10,I2,182,False,False
01:26:01.783,31,ST,314,False,False
01:26:01.945,44,ST,337,False,False
01:26:02.929,14,I2,184,False,False
01:26:05.167,6,ST,312,False,False
01:26:08.722,5,ST,305,False,False
01:26:10.160,27,ST,309,False,False
01:26:12.803,18,ST,317,False,False
01:26:13.443,87,ST,327,False,False
01:26:14.081,10,ST,322,False,False
01:26:15.907,14,ST,312,False,False
01:26:19.211,30,I2,183,False,False
01:26:22.852,81,I1,211,False,False
01:26:31.956,4,I1,208,False,False
01:26:32.240,30,ST,295,False,False
01:26:35.162,12,I1,206,False,False
01:26:38.925,23,I1,208,False,False
01:26:42.607,16,I1,208,False,False
01:26:44.733,22,I1,208,False,False
01:26:50.095,6,I1,209,False,False
01:26:53.581,5,I1,207,False,False
01:26:54.981,27,I1,207,False,False
01:26:57.829,18,I1,208,False,False
01:26:57.891,81,I2,185,False,False
01:26:59.333,10,I1,207,False,False
01:27:00.674,14,I1,204,False,False
01:27:07.054,4,I2,184,False,False
01:27:08.293,1,I2,183,False,False
01:27:10.532,12,I2,181,False,False
01:27:11.267,81,ST,311,False,False
01:27:12.166,63,I2,183,False,False
01:27:14.022,23,I2,183,False,False
01:27:16.229,55,I2,182,False,False
01:27:17.872,30,I1,206,False,False
01:27:17.949,16,I2,183,False,False
01:27:20.040,4,ST,304,False,False
01:27:20.151,22,I2,182,False,False
01:27:21.231,1,ST,311,False,False
01:27:22.445,31,I2,184,False,False
01:27:22.867,44,I2,184,False,False
01:27:23.561,12,ST,314,False,False
01:27:25.077,63,ST,318,False,False
01:27:25.444,6,I2,182,False,False
01:27:26.882,23,ST,320,False,False
01:27:29.031,55,ST,317,False,False
01:27:29.219,5,I2,184,False,False
01:27:30.670,27,I2,184,False,False
01:27:30.900,16,ST,316,False,False
01:27:33.192,22,ST,311,False,False
01:27:33.400,18,I2,184,False,False
01:27:34.230,87,I2,186,False,True
01:27:34.953,10,I2,182,False,False
01:27:35.257,31,ST,317,False,False
01:27:35.648,44,ST,337,False,False
01:27:36.303,14,I2,183,False,False
01:27:38.535,6,ST,308,False,False
01:27:42.224,5,ST,306,False,False
01:27:43.562,27,ST,308,False,False
01:27:46.551,18,ST,316,False,False
01:27:46.915,87,ST,329,False,False
01:27:47.767,10,ST,320,False,False
01:27:49.089,14,ST,311,False,False
01:27:53.967,30,I2,183,False,False
01:27:54.586,81,I1,210,False,False
01:28:03.809,4,I1,207,False,False
01:28:05.658,1,I1,205,False,False
01:28:06.868,30,ST,298,False,False
01:28:08.183,12,I1,205,False,False
01:28:09.629,63,I1,205,False,False
01:28:11.572,23,I1,206,False,False
01:28:13.730,55,I1,207,False,False
01:28:15.239,16,I1,207,False,False
01:28:17.786,22,I1,207,False,False
01:28:19.770,31,I1,208,False,False
01:28:20.563,44,I1,206,False,False
01:28:23.414,6,I1,207,False,False
01:28:28.253,27,I1,208,False,False
01:28:29.630,81,I2,184,False,False
01:28:33.929,14,I1,202,False,False
01:28:38.870,4,I2,183,False,False
01:28:41.515,1,I2,183,False,False
01:28:42.629,81,ST,311,False,False
01:28:43.547,12,I2,182,False,False
01:28:44.989,63,I2,182,False,False
01:28:46.144,5,I1,215,True,True
01:28:46.731,23,I2,183,False,False
01:28:48.781,55,I2,183,False,False
01:28:50.572,16,I2,184,False,False
01:28:51.871,4,ST,306,False,False
01:28:52.119,30,I1,208,False,False
01:28:53.369,22,I2,182,False,False
01:28:54.624,1,ST,309,False,False
01:28:55.410,31,I2,184,False,False
01:28:55.953,44,I2,185,False,False
01:28:56.431,12,ST,312,False,False
01:28:57.944,63,ST,318,False,False
01:28:58.830,6,I2,183,False,False
01:28:59.431,23,ST,321,False,False
01:29:01.595,55,ST,316,False,False
01:29:03.519,16,ST,312,False,False
01:29:03.805,27,I2,185,False,False
01:29:06.283,22,ST,305,False,False
01:29:06.930,18,I2,184,False,False
01:29:07.904,87,I2,185,False,False
01:29:08.383,10,I2,181,False,False
01:29:08.408,31,ST,319,False,False
01:29:08.625,44,ST,338,False,False
01:29:09.586,14,I2,183,False,False
01:29:11.832,6,ST,310,False,False
01:29:16.815,27,ST,307,False,False
01:29:19.861,18,ST,315,False,False
01:29:20.684,87,ST,327,False,False
01:29:20.993,5,I2,188,True,True
01:29:21.231,10,ST,331,False,True
01:29:22.422,14,ST,318,False,False
01:29:26.392,81,I1,209,False,False
01:29:28.296,30,I2,182,False,False
01:29:34.004,5,ST,305,False,False
01:29:35.621,4,I1,206,False,False
01:29:38.773,1,I1,208,False,False
01:29:41.010,12,I1,206,False,False
01:29:41.404,30,ST,298,False,False
01:29:42.522,63,I1,206,False,False
01:29:44.194,23,I1,208,False,False
01:29:46.346,55,I1,209,False,False
01:29:47.940,16,I1,208,False,False
01:29:50.799,22,I1,208,False,False
01:29:52.897,31,I1,209,False,False
01:29:53.471,44,I1,208,False,False
01:29:56.752,6,I1,208,False,False
01:30:01.307,27,I1,211,False,False
01:30:01.367,81,I2,184,False,False
01:30:05.929,10,I1,208,False,False
01:30:07.101,14,I1,206,False,False
01:30:10.545,4,I2,184,False,False
01:30:14.210,1,I2,184,False,False
01:30:14.403,81,ST,310,False,False
01:30:16.269,12,I2,182,False,False
01:30:17.830,63,I2,183,False,False
01:30:19.136,23,I2,182,False,False
01:30:21.927,55,I2,182,False,False
01:30:23.171,16,I2,184,False,False
01:30:23.508,18,I1,212,False,True
01:30:23.615,4,ST,309,False,False
01:30:26.056,22,I2,182,False,False
01:30:26.930,30,I1,210,False,False
01:30:27.168,1,ST,310,False,False
01:30:28.565,31,I2,184,False,False
01:30:29.053,44,I2,185,False,False
01:30:29.195,12,ST,314,False,False
01:30:30.689,63,ST,315,False,False
01:30:31.845,6,I2,182,False,False
01:30:31.948,23,ST,322,False,False
01:30:34.720,55,ST,317,False,False
01:30:36.098,16,ST,315,False,False
01:30:37.083,27,I2,185,False,False
01:30:39.098,22,ST,309,False,False
01:30:40.869,87,I2,184,False,False
01:30:41.545,10,I2,182,False,False
01:30:41.669,31,ST,315,False,False
01:30:41.671,44,ST,332,False,False
01:30:42.898,14,I2,184,False,False
01:30:44.805,6,ST,307,False,False
01:30:50.079,27,ST,306,False,False
01:30:53.245,5,I2,187,False,False
01:30:53.768,87,ST,318,False,False
01:30:54.297,10,ST,317,False,False
01:30:55.771,14,ST,319,False,False
01:30:58.048,81,I1,210,False,False
01:30:58.370,18,I2,186,False,True
01:31:02.845,30,I2,182,False,False
01:31:06.175,5,ST,307,False,False
01:31:07.132,4,I1,209,False,False
01:31:11.530,18,ST,309,False,False
01:31:11.530,1,I1,209,False,False
01:31:13.774,12,I1,208,False,False
01:31:15.721,30,ST,295,False,False
01:31:16.631,23,I1,207,False,False
01:31:19.445,55,I1,207,False,False
01:31:20.711,16,I1,206,False,False
01:31:23.533,22,I1,209,False,True
01:31:26.530,31,I1,210,False,False
01:31:27.127,44,I1,209,False,False
01:31:29.645,6,I1,209,False,False
01:31:33.245,81,I2,185,False,False
01:31:34.899,27,I1,210,False,False
01:31:39.133,10,I1,204,False,False
01:31:40.946,14,I1,200,False,False
01:31:42.031,4,I2,184,False,False
01:31:46.212,81,ST,310,False,False
01:31:46.634,1,I2,184,False,False
01:31:49.037,12,I2,182,False,False
01:31:50.348,63,I2,183,False,False
01:31:50.425,5,I1,214,False,False
01:31:51.804,23,I2,183,False,False
01:31:54.847,55,I2,183,False,False
01:31:55.031,4,ST,307,False,False
01:31:56.040,16,I2,183,False,False
01:31:59.015,22,I2,183,False,False
01:31:59.732,1,ST,309,False,False
01:32:01.266,30,I1,208,False,False
01:32:01.983,12,ST,316,False,False
01:32:03.295,63,ST,318,False,False
01:32:03.470,31,I2,184,False,False
01:32:03.800,44,I2,184,False,False
01:32:04.457,23,ST,322,False,False
01:32:05.224,6,I2,182,False,False
01:32:07.705,55,ST,316,False,False
01:32:09.046,16,ST,316,False,False
01:32:10.477,27,I2,185,False,False
01:32:12.082,22,ST,309,False,False
01:32:13.783,87,I2,184,False,False
01:32:14.573,10,I2,182,False,False
01:32:16.383,44,ST,336,False,False
01:32:16.546,14,I2,184,False,False
01:32:16.625,31,ST,314,False,False
01:32:18.135,6,ST,311,False,False
01:32:23.482,27,ST,310,False,False
01:32:25.726,5,I2,186,False,False
01:32:26.794,87,ST,312,False,False
01:32:27.248,10,ST,325,False,False
01:32:29.347,14,ST,319,False,False
01:32:30.985,18,I2,185,False,False
01:32:37.282,30,I2,182,False,False
01:32:38.668,4,I1,207,False,False
01:32:38.684,5,ST,319,False,False
01:32:44.007,18,ST,315,False,False
01:32:47.553,63,I1,205,False,False
01:32:50.249,30,ST,301,False,False
01:32:56.407,22,I1,206,False,False
01:33:01.054,44,I1,208,False,False
01:33:01.965,31,I1,208,False,False
01:33:04.772,81,I2,185,False,False
01:33:12.178,10,I1,207,False,False
01:33:13.594,4,I2,184,False,False
01:33:14.221,14,I1,205,False,False
01:33:17.831,81,ST,312,False,False
01:33:19.484,1,I2,184,False,False
01:33:21.608,12,I2,182,False,False
01:33:21.783,6,I1,215,False,True
01:33:22.879,5,I1,211,False,False
01:33:22.879,63,I2,183,False,False
01:33:24.144,23,I2,183,False,False
01:33:26.447,4,ST,311,False,False
01:33:27.469,55,I2,184,False,True
01:33:28.727,16,I2,184,False,False
01:33:31.749,22,I2,182,False,False
01:33:32.445,1,ST,310,False,False
01:33:34.470,12,ST,316,False,False
01:33:35.672,30,I1,209,False,False
01:33:35.848,63,ST,321,False,False
01:33:36.755,44,I2,185,False,False
01:33:36.893,23,ST,324,False,False
01:33:37.782,31,I2,185,False,False
01:33:40.282,55,ST,318,False,False
01:33:41.693,16,ST,316,False,False
01:33:43.415,27,I2,185,False,False
01:33:44.852,22,ST,311,False,False
01:33:46.650,87,I2,184,False,False
01:33:47.596,10,I2,182,False,False
01:33:49.821,44,ST,306,False,False
01:33:49.969,14,I2,183,False,False
01:33:50.611,31,ST,326,False,False
01:33:56.346,27,ST,310,False,False
01:33:56.474,6,I2,186,False,True
01:33:58.119,5,I2,187,False,False
01:33:59.665,87,ST,311,False,False
01:34:00.393,10,ST,325,False,False
01:34:02.889,14,ST,317,False,False
01:34:04.024,18,I2,185,False,False
01:34:09.636,6,ST,309,False,False
01:34:10.031,4,I1,208,False,False
01:34:10.921,5,ST,311,False,False
01:34:11.921,30,I2,184,False,False
01:34:16.450,1,I1,208,False,False
01:34:16.894,18,ST,316,False,False
01:34:18.732,12,I1,209,False,False
01:34:20.021,63,I1,207,False,False
01:34:24.846,30,ST,306,False,False
01:34:29.293,22,I1,208,False,False
01:34:34.057,44,I1,205,False,False
01:34:36.311,81,I2,185,False,False
01:34:44.984,10,I1,204,False,False
01:34:45.000,4,I2,183,False,False
01:34:49.183,81,ST,314,False,False
01:34:51.676,1,I2,184,False,False
01:34:53.515,6,I1,211,False,False
01:34:53.922,12,I2,182,False,False
01:34:55.045,31,I1,215,True,True
01:34:55.423,63,I2,182,False,False
01:34:56.548,23,I2,184,False,True
01:34:57.847,4,ST,311,False,False
01:35:00.331,55,I2,184,False,False
01:35:01.593,16,I2,183,False,False
01:35:01.594,18,I1,210,False,False
01:35:04.533,22,I2,182,False,False
01:35:04.788,1,ST,310,False,False
01:35:06.834,12,ST,315,False,False
01:35:08.346,63,ST,318,False,False
01:35:09.231,23,ST,325,False,False
01:35:09.507,44,I2,185,False,False
01:35:10.290,30,I1,208,False,False
01:35:13.184,55,ST,318,False,False
01:35:14.446,16,ST,316,False,False
01:35:16.077,27,I2,185,False,False
01:35:17.576,22,ST,312,False,False
01:35:19.594,87,I2,185,False,False
01:35:20.321,10,I2,183,False,True
01:35:22.564,44,ST,309,False,False
01:35:23.131,14,I2,184,False,False
01:35:28.460,6,I2,184,False,False
01:35:29.221,27,ST,309,False,False
01:35:29.950,31,I2,188,True,True
01:35:31.274,5,I2,185,False,False
01:35:32.622,87,ST,312,False,False
01:35:32.989,10,ST,331,False,True
01:35:36.117,14,ST,317,False,False
01:35:36.965,18,I2,185,False,False
01:35:41.134,4,I1,207,False,False
01:35:41.573,6,ST,312,False,False
01:35:42.812,31,ST,316,False,False
01:35:44.212,5,ST,300,False,False
01:35:46.249,30,I2,185,False,False
01:35:48.852,1,I1,207,False,False
01:35:49.922,18,ST,318,False,False
01:35:51.112,12,I1,208,False,False
01:35:52.486,63,I1,208,False,False
01:35:57.673,55,I1,208,False,False
01:35:58.828,16,I1,208,False,False
01:35:59.236,30,ST,303,False,False
01:36:06.731,44,I1,209,False,False
01:36:07.585,81,I2,185,False,False
01:36:13.153,27,I1,211,False,False
01:36:16.410,4,I2,184,False,False
01:36:17.553,10,I1,206,False,False
01:36:20.600,81,ST,313,False,False
01:36:20.678,14,I1,202,False,False
01:36:24.295,1,I2,183,False,False
01:36:25.294,6,I1,212,False,False
01:36:26.490,31,I1,214,False,False
01:36:26.490,12,I2,183,False,False
01:36:27.824,63,I2,183,False,False
01:36:28.793,23,I2,184,False,True
01:36:29.355,4,ST,315,False,False
01:36:32.748,55,I2,184,False,False
01:36:34.048,16,I2,184,False,False
01:36:37.007,22,I2,183,False,True
01:36:37.246,1,ST,311,False,False
01:36:39.473,12,ST,317,False,False
01:36:40.641,63,ST,322,False,False
01:36:41.273,23,ST,336,False,False
01:36:42.235,44,I2,185,False,False
01:36:45.523,55,ST,323,False,False
01:36:46.870,16,ST,319,False,False
01:36:48.452,27,I2,185,False,False
01:36:50.017,22,ST,312,False,False
01:36:52.674,87,I2,185,False,False
01:36:53.283,10,I2,182,False,False
01:36:55.196,44,ST,311,False,False
01:36:56.507,14,I2,184,False,False
01:37:00.132,6,I2,185,False,False
01:37:01.329,31,I2,188,False,False
01:37:01.449,27,ST,311,False,False
01:37:03.951,81,I1,209,False,False
01:37:04.364,5,I2,186,False,False
01:37:05.549,87,ST,319,False,False
01:37:06.013,10,ST,330,False,False
01:37:09.310,14,ST,318,False,False
01:37:09.749,18,I2,185,False,False
01:37:13.052,6,ST,309,False,False
01:37:14.209,31,ST,317,False,False
01:37:17.464,5,ST,304,False,False
01:37:20.296,30,I2,184,False,False
01:37:21.432,1,I1,208,False,False
01:37:22.773,18,ST,316,False,False
01:37:24.647,63,I1,209,False,False
01:37:25.834,23,I1,208,False,False
01:37:31.228,16,I1,209,False,False
01:37:33.273,30,ST,303,False,False
01:37:34.352,22,I1,210,False,True
01:37:39.253,81,I2,185,False,False
01:37:45.118,12,I1,211,False,True
01:37:47.673,4,I2,184,False,False
01:37:49.048,55,I1,215,False,True
01:37:51.106,87,I1,211,False,True
01:37:51.835,10,I1,209,False,False
01:37:52.061,81,ST,312,False,False
01:37:53.984,14,I1,205,False,False
01:37:56.595,1,I2,183,False,False
01:37:57.139,6,I1,214,False,False
01:37:59.874,63,I2,184,False,False
01:38:00.495,4,ST,311,False,False
01:38:01.096,23,I2,184,False,False
01:38:01.801,5,I1,210,False,False
01:38:06.773,16,I2,183,False,False
01:38:06.895,18,I1,211,False,False
01:38:09.670,22,I2,183,False,False
01:38:09.801,1,ST,309,False,False
01:38:12.750,63,ST,318,False,False
01:38:13.695,23,ST,321,False,False
01:38:14.743,44,I2,185,False,False
01:38:18.336,30,I1,207,False,False
01:38:19.622,16,ST,316,False,False
01:38:19.706,12,I2,184,False,True
01:38:21.849,27,I2,185,False,False
01:38:22.650,22,ST,306,False,False
01:38:23.532,55,I2,186,False,True
01:38:26.747,87,I2,185,False,False
01:38:27.485,10,I2,182,False,False
01:38:27.795,44,ST,309,False,False
01:38:29.607,14,I2,184,False,False
01:38:32.065,6,I2,184,False,False
01:38:32.707,12,ST,316,False,False
01:38:32.934,31,I2,187,False,False
01:38:34.896,27,ST,308,False,False
01:38:35.616,81,I1,212,False,False
01:38:36.622,55,ST,312,False,False
01:38:37.333,5,I2,186,False,False
01:38:39.694,87,ST,307,False,False
01:38:40.081,10,ST,326,False,False
01:38:42.444,18,I2,184,False,False
01:38:42.610,14,ST,316,False,False
01:38:44.055,4,I1,209,False,False
01:38:44.891,6,ST,309,False,False
01:38:45.647,31,ST,324,False,False
01:38:50.422,5,ST,306,False,False
01:38:54.401,30,I2,183,False,False
01:38:55.289,18,ST,316,False,False
01:38:56.566,63,I1,208,False,False
01:39:06.795,22,I1,207,False,False
01:39:07.349,30,ST,308,False,False
01:39:10.594,81,I2,185,False,False
01:39:11.954,44,I1,208,False,False
01:39:12.733,1,I1,215,False,True
01:39:16.092,12,I1,213,False,False
01:39:17.061,23,I1,213,False,True
01:39:19.105,27,I1,210,False,False
01:39:19.230,4,I2,184,False,False
01:39:20.114,55,I1,213,False,False
01:39:23.534,81,ST,312,False,False
01:39:24.012,87,I1,208,False,False
01:39:24.950,10,I1,206,False,False
01:39:27.141,14,I1,206,False,False
01:39:28.786,6,I1,210,False,False
01:39:29.661,31,I1,213,False,False
01:39:31.976,63,I2,183,False,False
01:39:32.024,4,ST,312,False,False
01:39:34.363,5,I1,212,False,False
01:39:39.174,16,I2,184,False,False
01:39:39.584,18,I1,212,False,False
01:39:42.249,22,I2,183,False,False
01:39:44.972,63,ST,317,False,False
01:39:47.233,44,I2,185,False,False
01:39:47.475,1,I2,188,False,True
01:39:50.374,12,I2,184,False,False
01:39:51.501,23,I2,187,False,True
01:39:52.171,16,ST,311,False,False
01:39:52.507,30,I1,210,False,False
01:39:54.711,27,I2,185,False,False
01:39:54.977,55,I2,185,False,False
01:39:55.195,22,ST,308,False,False
01:39:59.566,87,I2,184,False,False
01:40:00.207,1,ST,328,False,False
01:40:00.317,10,I2,183,False,False
01:40:00.374,44,ST,307,False,False
01:40:02.549,14,I2,184,False,False
01:40:03.334,12,ST,317,False,False
01:40:04.015,6,I2,186,False,False
01:40:04.229,23,ST,321,False,False
01:40:04.733,31,I2,186,False,False
01:40:06.852,81,I1,210,False,False
01:40:07.496,55,ST,329,False,False
01:40:07.633,27,ST,280,False,False
01:40:09.748,5,I2,185,False,False
01:40:12.677,87,ST,314,False,False
01:40:12.870,10,ST,341,False,True
01:40:15.029,18,I2,185,False,False
01:40:15.382,14,ST,316,False,False
01:40:15.550,4,I1,206,False,False
01:40:16.775,6,ST,312,False,False
01:40:17.448,31,ST,327,False,False
01:40:22.716,5,ST,307,False,False
01:40:27.833,18,ST,317,False,False
01:40:28.710,63,I1,207,False,False
01:40:28.808,30,I2,182,False,False
01:40:41.730,30,ST,304,False,False
01:40:42.051,81,I2,186,False,False
01:40:43.195,1,I1,214,False,False
01:40:44.704,44,I1,209,False,False
01:40:46.849,12,I1,211,False,False
01:40:48.048,23,I1,215,False,False
01:40:50.750,4,I2,185,False,False
01:40:51.585,55,I1,212,False,False
01:40:54.995,81,ST,305,False,False
01:40:57.538,10,I1,208,False,False
01:40:58.913,22,I1,214,False,True
01:41:00.418,14,I1,203,False,False
01:41:01.123,6,I1,208,False,False
01:41:03.543,4,ST,297,False,False
01:41:04.093,63,I2,184,False,False
01:41:11.349,16,I2,184,False,False
01:41:12.362,18,I1,211,False,False
01:41:17.025,63,ST,302,False,False
01:41:18.008,1,I2,186,False,False
01:41:20.058,44,I2,186,False,False
01:41:21.748,12,I2,184,False,False
01:41:22.826,23,I2,185,False,False
01:41:24.266,16,ST,310,False,False
01:41:26.449,55,I2,186,False,True
01:41:27.148,30,I1,207,False,False
01:41:28.786,27,I2,184,False,False
01:41:31.062,1,ST,307,False,False
01:41:32.856,44,ST,315,False,False
01:41:33.296,10,I2,183,False,False
01:41:33.665,22,I2,186,False,True
01:41:34.765,12,ST,317,False,False
01:41:35.398,23,ST,334,False,False
01:41:36.235,14,I2,184,False,False
01:41:36.753,6,I2,184,False,False
01:41:37.376,31,I2,186,False,False
01:41:39.212,55,ST,313,False,False
01:41:42.424,27,ST,183,False,False
01:41:43.307,5,I2,109,False,False
01:41:51.025,10,ST,238,False,False
01:41:51.324,18,I2,147,False,False
01:41:51.863,4,I1,129,False,False
01:41:52.597,22,ST,230,False,False
01:41:55.749,14,ST,210,False,False
01:41:57.241,6,ST,239,False,False
01:41:58.356,31,ST,237,False,False
01:42:03.105,5,ST,175,False,False
01:42:09.167,18,ST,205,False,False
01:42:11.757,63,I1,127,False,False
01:42:11.950,30,I2,100,False,False
01:42:21.198,16,I1,138,False,False
01:42:27.756,81,I2,137,False,False
01:42:30.056,1,I1,155,False,False
01:42:33.374,30,ST,225,False,False
01:42:35.309,12,I1,144,False,False
01:42:36.414,23,I1,132,False,False
01:42:39.626,4,I2,102,False,False
01:42:41.749,55,I1,79,False,False
01:42:44.724,27,I1,146,False,False
01:42:45.641,81,ST,219,False,False
01:42:48.089,44,I1,159,False,False
01:42:51.019,10,I1,185,False,False
01:42:51.864,22,I1,177,False,False
01:42:55.534,6,I1,150,False,False
01:42:56.960,31,I1,143,False,False
01:42:58.209,4,ST,250,False,False
01:42:59.526,63,I2,123,False,False
01:43:03.552,5,I1,146,False,False
01:43:08.977,16,I2,117,False,False
01:43:11.648,18,I1,146,False,False
01:43:12.024,14,I1,147,False,False
01:43:17.084,63,ST,230,False,False
01:43:18.080,1,I2,137,False,False
01:43:24.307,12,I2,120,False,False
01:43:25.551,23,I2,125,False,False
01:43:27.211,16,ST,218,False,False
01:43:30.385,55,I2,111,False,False
01:43:33.199,27,I2,131,False,False
01:43:36.573,44,I2,140,False,False
01:43:36.912,1,ST,200,False,False
01:43:39.176,10,I2,139,False,False
01:43:39.988,22,I2,142,False,False
01:43:41.497,12,ST,187,False,False
01:43:42.475,23,ST,238,False,False
01:43:43.777,6,I2,113,False,False
01:43:45.293,31,I2,129,False,False
01:43:46.435,30,I1,187,False,False
01:43:47.839,55,ST,164,False,False
01:43:50.797,27,ST,163,False,False
01:43:52.108,5,I2,89,False,False
01:43:54.866,44,ST,203,False,False
01:43:56.092,10,ST,229,False,False
01:43:56.840,22,ST,270,False,False
01:43:58.083,18,I2,144,False,False
01:43:58.675,14,I2,150,False,False
01:44:00.514,81,I1,183,False,False
01:44:01.350,6,ST,263,False,False
01:44:02.035,31,ST,277,False,False
01:44:08.540,4,I1,214,False,True
01:44:08.663,5,ST,261,False,False
01:44:13.119,14,ST,314,False,False
01:44:13.575,18,ST,262,False,False
01:44:24.813,63,I1,217,True,True
01:44:25.796,30,I2,188,False,True
01:44:25.875,1,I1,209,False,False
01:44:29.977,12,I1,212,False,False
01:44:30.802,23,I1,209,False,False
01:44:34.354,16,I1,218,True,True
01:44:34.975,55,I1,212,False,False
01:44:35.488,81,I2,188,False,True
01:44:38.219,27,I1,212,False,False
01:44:38.819,30,ST,311,False,False
01:44:39.125,44,I1,215,False,True
01:44:41.576,10,I1,210,False,True
01:44:41.987,22,I1,210,False,False
01:44:42.513,4,I2,190,True,True
01:44:45.061,6,I1,213,False,False
01:44:45.857,31,I1,216,False,True
01:44:48.385,81,ST,316,False,False
01:44:55.464,4,ST,310,False,False
01:44:57.517,14,I1,214,False,True
01:44:58.924,63,I2,189,False,True
01:44:58.975,18,I1,213,False,True
01:45:00.309,5,I1,184,False,False
01:45:00.436,1,I2,186,False,False
01:45:04.635,12,I2,186,False,True
01:45:05.226,23,I2,188,False,True
01:45:09.238,16,I2,190,False,True
01:45:09.750,55,I2,187,False,True
01:45:11.872,63,ST,314,False,False
01:45:13.290,1,ST,309,False,False
01:45:13.411,27,I2,187,False,True
01:45:13.886,44,I2,191,True,True
01:45:16.788,22,I2,184,False,False
01:45:17.475,12,ST,319,False,False
01:45:17.475,10,I2,186,False,True
01:45:17.736,23,ST,341,False,False
01:45:19.825,6,I2,186,False,False
01:45:20.566,31,I2,188,False,False
01:45:22.050,16,ST,309,False,False
01:45:22.269,55,ST,337,False,False
01:45:22.890,30,I1,213,False,True
01:45:26.335,44,ST,338,False,False
01:45:26.378,27,ST,308,False,False
01:45:29.654,22,ST,313,False,False
01:45:30.219,10,ST,329,False,False
01:45:31.457,81,I1,214,False,True
01:45:32.750,6,ST,308,False,False
01:45:32.765,14,I2,186,False,True
01:45:33.197,31,ST,335,False,True
01:45:34.175,18,I2,186,False,True
01:45:43.475,5,I2,169,False,False
01:45:45.835,14,ST,299,False,False
01:45:47.013,18,ST,321,False,False
01:45:54.667,63,I1,214,False,False
01:45:56.650,1,I1,210,False,False
01:45:57.788,30,I2,187,False,False
01:46:01.335,23,I1,212,False,False
01:46:02.155,5,ST,181,False,False
01:46:02.414,12,I1,210,False,False
01:46:05.612,81,I2,188,False,True
01:46:07.235,55,I1,214,False,False
01:46:07.880,16,I1,212,False,False
01:46:09.635,44,I1,212,False,False
01:46:10.741,30,ST,308,False,False
01:46:12.926,4,I2,188,False,False
01:46:13.324,22,I1,211,False,False
01:46:14.704,10,I1,209,False,False
01:46:16.376,6,I1,212,False,False
01:46:17.173,31,I1,213,False,False
01:46:18.504,81,ST,313,False,False
01:46:25.763,4,ST,314,False,False
01:46:29.169,63,I2,188,False,False
01:46:30.107,14,I1,213,False,False
01:46:31.388,1,I2,186,False,False
01:46:31.649,18,I1,211,False,False
01:46:35.994,23,I2,186,False,False
01:46:37.490,12,I2,183,False,False
01:46:42.125,63,ST,311,False,False
01:46:42.485,55,I2,187,False,False
01:46:43.172,16,I2,187,False,False
01:46:44.203,1,ST,309,False,False
01:46:44.641,44,I2,187,False,False
01:46:46.625,27,I2,187,False,False
01:46:48.281,22,I2,182,False,False
01:46:49.000,23,ST,309,False,False
01:46:49.953,10,I2,185,False,False
01:46:50.328,12,ST,319,False,False
01:46:51.451,6,I2,185,False,False
01:46:52.383,31,I2,188,False,False
01:46:54.867,30,I1,214,False,False
01:46:55.211,55,ST,312,False,False
01:46:55.951,16,ST,326,False,False
01:46:57.488,44,ST,316,False,False
01:46:59.635,27,ST,307,False,False
01:47:01.301,22,ST,311,False,False
01:47:01.354,81,I1,215,False,False
01:47:02.930,10,ST,313,False,False
01:47:03.459,5,I1,169,False,False
01:47:04.154,6,ST,307,False,False
01:47:05.038,31,ST,325,False,False
01:47:05.539,14,I2,185,False,False
01:47:07.098,18,I2,185,False,False
01:47:08.812,4,I1,213,False,False
01:47:18.600,14,ST,304,False,False
01:47:19.914,18,ST,315,False,False
01:47:25.189,63,I1,213,False,False
01:47:27.553,1,I1,214,False,False
01:47:29.951,30,I2,186,False,False
01:47:32.739,23,I1,211,False,False
01:47:34.286,12,I1,209,False,False
01:47:35.924,81,I2,188,False,False
01:47:39.217,55,I1,213,False,False
01:47:39.776,16,I1,211,False,False
01:47:42.926,30,ST,305,False,False
01:47:43.287,4,I2,187,False,False
01:47:43.866,27,I1,211,False,False
01:47:47.187,10,I1,210,False,False
01:47:47.991,5,I2,156,False,False
01:47:48.817,81,ST,311,False,False
01:47:56.139,4,ST,308,False,False
01:47:59.997,63,I2,186,False,False
01:48:02.353,1,I2,187,False,False
01:48:02.953,14,I1,210,False,False
01:48:04.357,18,I1,212,False,False
01:48:07.359,23,I2,185,False,False
01:48:09.237,12,I2,180,False,False
01:48:13.313,63,ST,310,False,False
01:48:13.888,55,I2,186,False,False
01:48:14.851,16,I2,187,False,False
01:48:15.906,44,I2,187,False,False
01:48:15.989,1,ST,304,False,False
01:48:19.251,27,I2,186,False,False
01:48:20.247,23,ST,307,False,False
01:48:20.505,22,I2,184,False,False
01:48:22.247,12,ST,309,False,False
01:48:22.576,10,I2,185,False,False
01:48:23.361,6,I2,185,False,False
01:48:24.137,31,I2,186,False,False
01:48:26.836,55,ST,306,False,False
01:48:26.898,30,I1,213,False,False
01:48:27.526,16,ST,327,False,False
01:48:28.660,44,ST,316,False,False
01:48:32.325,27,ST,304,False,False
01:48:33.566,22,ST,306,False,False
01:48:35.478,10,ST,311,False,False
01:48:36.073,6,ST,314,False,False
01:48:36.909,31,ST,329,False,False
01:48:38.550,14,I2,184,False,False
01:48:39.167,4,I1,212,False,False
01:48:39.938,18,I2,186,False,False
01:48:56.398,14,ST,254,False,False
01:48:58.190,18,ST,242,False,False
01:49:04.268,63,I1,137,False,False
01:49:08.525,1,I1,174,False,False
01:49:09.498,30,I2,106,False,False
01:49:14.326,23,I1,131,False,False
01:49:16.587,12,I1,141,False,False
01:49:17.614,81,I2,131,False,False
01:49:24.022,55,I1,154,False,False
01:49:25.389,16,I1,140,False,False
01:49:25.977,44,I1,138,False,False
01:49:26.845,4,I2,110,False,False
01:49:29.574,30,ST,241,False,False
01:49:30.914,27,I1,159,False,False
01:49:31.936,22,I1,146,False,False
01:49:34.599,81,ST,242,False,False
01:49:36.036,6,I1,156,False,False
01:49:37.453,31,I1,163,False,False
01:49:44.325,4,ST,255,False,False
01:49:49.610,10,I1,179,False,False
01:49:51.520,63,I2,133,False,False
01:49:55.215,1,I2,134,False,False
01:49:57.628,14,I1,145,False,False
01:49:59.538,18,I1,161,False,False
01:50:02.677,23,I2,94,False,False
01:50:05.326,12,I2,99,False,False
01:50:09.856,63,ST,210,False,False
01:50:11.629,55,I2,109,False,False
01:50:12.225,16,I2,123,False,False
01:50:13.378,44,I2,110,False,False
01:50:13.451,1,ST,300,False,False
01:50:18.877,27,I2,168,False,False
01:50:19.739,23,ST,252,False,False
01:50:19.852,22,I2,180,False,False
01:50:22.115,12,ST,279,False,False
01:50:22.777,6,I2,187,False,True
01:50:23.617,31,I2,188,False,False
01:50:26.255,30,I1,215,False,True
01:50:28.316,55,ST,314,False,False
01:50:28.316,16,ST,312,False,False
01:50:28.826,44,ST,315,False,False
01:50:30.015,81,I1,213,False,False
01:50:32.042,27,ST,307,False,False
01:50:32.099,10,I2,188,False,True
01:50:32.814,22,ST,309,False,False
01:50:35.727,6,ST,317,False,True
01:50:36.357,31,ST,326,False,False
01:50:37.526,4,I1,214,False,False
01:50:38.267,14,I2,186,False,False
01:50:39.871,18,I2,186,False,False
01:50:45.289,10,ST,306,False,False
01:50:51.141,14,ST,314,False,False
01:50:52.658,18,ST,321,False,False
01:50:55.174,63,I1,214,False,False
01:50:58.338,1,I1,212,False,False
01:51:01.498,30,I2,186,False,False
01:51:03.376,23,I1,214,False,False
01:51:04.486,81,I2,187,False,False
01:51:05.577,12,I1,211,False,False
01:51:11.837,16,I1,213,False,False
01:51:11.877,4,I2,186,False,False
01:51:12.516,44,I1,211,False,False
01:51:13.278,55,I1,210,False,False
01:51:14.527,30,ST,311,False,False
01:51:15.972,27,I1,210,False,False
01:51:16.588,22,I1,209,False,False
01:51:17.370,81,ST,313,False,False
01:51:19.517,6,I1,211,False,False
01:51:20.421,31,I1,213,False,False
01:51:24.754,4,ST,317,False,False
01:51:28.718,10,I1,210,False,True
01:51:29.751,63,I2,187,False,False
01:51:33.005,1,I2,186,False,False
01:51:35.099,14,I1,212,False,False
01:51:36.659,18,I1,211,False,False
01:51:37.675,23,I2,188,False,True
01:51:40.054,12,I2,183,False,False
01:51:42.815,63,ST,315,False,False
01:51:45.999,1,ST,311,False,False
01:51:46.415,16,I2,188,False,False
01:51:47.088,44,I2,189,False,False
01:51:47.799,55,I2,187,False,False
01:51:50.594,23,ST,313,False,False
01:51:51.380,22,I2,183,False,False
01:51:52.178,27,I2,187,False,False
01:51:52.940,12,ST,316,False,False
01:51:54.226,6,I2,186,False,False
01:51:55.026,31,I2,188,False,False
01:51:58.646,30,I1,213,False,False
01:51:59.278,16,ST,311,False,False
01:51:59.699,44,ST,336,False,False
01:51:59.960,81,I1,215,False,True
01:52:00.326,55,ST,334,False,False
01:52:03.451,10,I2,188,False,False
01:52:04.314,22,ST,311,False,False
01:52:04.752,27,ST,317,False,False
01:52:07.215,6,ST,310,False,False
01:52:07.774,31,ST,332,False,False
01:52:10.437,14,I2,184,False,False
01:52:11.818,18,I2,186,False,False
01:52:16.503,10,ST,310,False,False
01:52:23.437,14,ST,310,False,False
01:52:24.740,18,ST,318,False,False
01:52:25.852,63,I1,212,False,False
01:52:34.127,23,I1,215,False,True
01:52:34.235,81,I2,188,False,False
01:52:35.762,30,I2,186,False,False
01:52:36.257,12,I1,213,False,True
01:52:41.776,4,I2,188,False,False
01:52:42.227,16,I1,214,False,False
01:52:43.052,44,I1,212,False,False
01:52:44.038,55,I1,209,False,False
01:52:47.239,81,ST,314,False,False
01:52:47.754,22,I1,212,False,False
01:52:48.701,30,ST,296,False,False
01:52:49.037,27,I1,214,False,True
01:52:54.614,4,ST,310,False,False
01:52:59.837,10,I1,212,False,False
01:53:00.586,63,I2,187,False,False
01:53:03.840,1,I2,186,False,False
01:53:07.500,14,I1,214,False,False
01:53:08.776,23,I2,186,False,False
01:53:08.908,18,I1,213,False,False
01:53:11.065,12,I2,183,False,False
01:53:13.653,63,ST,316,False,False
01:53:16.791,1,ST,314,False,False
01:53:16.853,16,I2,187,False,False
01:53:17.739,44,I2,187,False,False
01:53:18.433,55,I2,185,False,False
01:53:21.600,23,ST,318,False,False
01:53:22.837,22,I2,184,False,False
01:53:23.778,12,ST,317,False,False
01:53:24.557,27,I2,187,False,False
01:53:25.815,6,I2,185,False,False
01:53:26.740,31,I2,188,False,False
01:53:29.778,16,ST,312,False,False
01:53:29.854,81,I1,216,False,False
01:53:30.415,44,ST,330,False,False
01:53:30.999,55,ST,336,False,False
01:53:33.398,30,I1,214,False,False
01:53:34.722,10,I2,188,False,False
01:53:35.870,22,ST,313,False,False
01:53:37.216,4,I1,213,False,False
01:53:37.502,27,ST,311,False,False
01:53:38.708,6,ST,313,False,False
01:53:39.300,31,ST,329,False,False
01:53:42.927,14,I2,185,False,False
01:53:44.293,18,I2,185,False,False
01:53:47.636,10,ST,311,False,False
01:53:55.878,14,ST,307,False,False
01:53:57.071,18,ST,320,False,False
01:53:59.839,1,I1,214,False,False
01:54:04.452,81,I2,187,False,False
01:54:05.062,23,I1,214,False,False
01:54:07.124,12,I1,210,False,False
01:54:08.691,30,I2,184,False,False
01:54:11.515,4,I2,187,False,False
01:54:17.394,81,ST,311,False,False
01:54:21.471,27,I1,213,False,False
01:54:21.714,30,ST,301,False,False
01:54:23.327,31,I1,214,False,False
01:54:24.286,4,ST,313,False,False
01:54:31.142,10,I1,213,False,False
01:54:31.689,63,I2,185,False,False
01:54:34.533,1,I2,186,False,False
01:54:39.471,23,I2,185,False,False
01:54:40.001,14,I1,213,False,False
01:54:41.360,18,I1,212,False,False
01:54:41.889,12,I2,183,False,False
01:54:44.562,63,ST,312,False,False
01:54:47.479,1,ST,310,False,False
01:54:47.638,16,I2,187,False,False
01:54:48.389,44,I2,187,False,False
01:54:49.515,55,I2,185,False,False
01:54:52.354,23,ST,318,False,False
01:54:54.125,22,I2,184,False,False
01:54:54.769,12,ST,317,False,False
01:54:56.861,27,I2,188,False,True
01:54:57.479,6,I2,184,False,False
01:54:58.190,31,I2,188,False,False
01:54:59.984,81,I1,212,False,False
01:55:00.665,16,ST,308,False,False
01:55:01.139,44,ST,327,False,False
01:55:02.318,55,ST,324,False,False
01:55:06.113,10,I2,187,False,False
01:55:06.395,30,I1,210,False,False
01:55:07.065,4,I1,210,False,False
01:55:07.082,22,ST,310,False,False
01:55:09.856,27,ST,318,False,False
01:55:10.008,6,ST,326,False,True
01:55:10.842,31,ST,331,False,False
01:55:15.175,14,I2,186,False,True
01:55:16.630,18,I2,187,False,True
01:55:19.002,10,ST,311,False,False
01:55:28.021,63,I1,211,False,False
01:55:28.057,14,ST,306,False,False
01:55:29.453,18,ST,319,False,False
01:55:30.553,1,I1,212,False,False
01:55:34.579,81,I2,188,False,False
01:55:35.953,23,I1,213,False,False
01:55:38.158,12,I1,213,False,False
01:55:41.395,4,I2,186,False,False
01:55:43.529,16,I1,210,False,False
01:55:43.676,30,I2,184,False,False
01:55:44.342,44,I1,206,False,False
01:55:45.689,55,I1,212,False,False
01:55:47.483,81,ST,312,False,False
01:55:50.323,22,I1,211,False,False
01:55:54.306,4,ST,312,False,False
01:55:57.102,30,ST,217,False,False
01:56:02.954,63,I2,186,False,False
01:56:05.172,1,I2,186,False,False
01:56:10.679,23,I2,185,False,False
01:56:12.099,14,I1,210,False,False
01:56:12.479,27,I1,213,False,False
01:56:13.162,12,I2,180,False,False
01:56:15.922,63,ST,310,False,False
01:56:18.141,1,ST,312,False,False
01:56:18.553,16,I2,186,False,False
01:56:19.265,44,I2,187,False,False
01:56:20.507,55,I2,186,False,False
01:56:23.354,23,ST,318,False,False
01:56:25.553,22,I2,184,False,False
01:56:26.024,12,ST,317,False,False
01:56:29.216,6,I2,186,False,False
01:56:29.854,31,I2,187,False,False
01:56:30.081,81,I1,214,False,False
01:56:31.539,16,ST,317,False,False
01:56:31.855,44,ST,338,False,False
01:56:33.121,55,ST,322,False,False
01:56:36.900,4,I1,211,False,False
01:56:37.728,10,I2,186,False,False
01:56:38.556,22,ST,310,False,False
01:56:42.097,6,ST,309,False,False
01:56:42.625,31,ST,331,False,False
01:56:46.939,27,I2,190,False,True
01:56:47.879,14,I2,185,False,False
01:56:49.479,18,I2,186,False,False
01:56:50.679,10,ST,309,False,False
01:56:59.906,27,ST,301,False,False
01:57:00.738,14,ST,318,False,False
01:57:01.476,1,I1,209,False,False
01:57:02.304,18,ST,320,False,False
01:57:04.694,81,I2,188,False,False
01:57:09.478,12,I1,212,False,False
01:57:11.554,4,I2,187,False,False
01:57:14.648,16,I1,212,False,False
01:57:15.390,44,I1,211,False,False
01:57:17.017,55,I1,213,False,False
01:57:17.705,81,ST,312,False,False
01:57:21.853,22,I1,212,False,False
01:57:24.456,4,ST,311,False,False
01:57:25.718,6,I1,212,False,False
01:57:26.543,31,I1,213,False,False
01:57:33.730,63,I2,185,False,False
01:57:34.379,10,I1,209,False,False
01:57:36.280,1,I2,185,False,False
01:57:41.876,23,I2,185,False,False
01:57:43.434,27,I1,216,False,True
01:57:44.264,12,I2,182,False,False
01:57:44.416,14,I1,206,False,False
01:57:46.483,18,I1,210,False,False
01:57:46.718,63,ST,315,False,False
01:57:49.312,1,ST,311,False,False
01:57:49.364,16,I2,186,False,False
01:57:50.190,44,I2,187,False,False
01:57:51.790,55,I2,186,False,False
01:57:54.756,23,ST,317,False,False
01:57:56.701,22,I2,183,False,False
01:57:57.180,12,ST,319,False,False
01:58:00.355,81,I1,213,False,False
01:58:00.654,6,I2,185,False,False
01:58:01.630,31,I2,187,False,False
01:58:02.780,44,ST,325,False,False
01:58:03.184,16,ST,222,False,False
01:58:04.503,55,ST,323,False,False
01:58:09.444,10,I2,185,False,False
01:58:09.691,22,ST,309,False,False
01:58:13.605,6,ST,309,False,False
01:58:14.198,31,ST,327,False,False
01:58:18.339,27,I2,187,False,False
01:58:19.280,14,I2,187,False,True
01:58:21.886,18,I2,186,False,False
01:58:22.357,10,ST,310,False,False
01:58:31.239,27,ST,304,False,False
01:58:32.029,14,ST,320,False,False
01:58:34.676,18,ST,317,False,False
01:58:34.902,81,I2,187,False,False
01:58:40.561,12,I1,209,False,False
01:58:41.601,4,I2,187,False,False
01:58:47.239,16,I1,210,False,False
01:58:47.980,81,ST,314,False,False
01:58:48.292,55,I1,208,False,False
01:58:53.120,22,I1,211,False,False
01:58:54.561,4,ST,311,False,False
01:58:57.293,6,I1,210,False,False
01:59:04.759,63,I2,186,False,False
01:59:05.917,10,I1,210,False,False
01:59:07.180,1,I2,185,False,False
01:59:13.359,23,I2,186,False,False
01:59:15.548,12,I2,183,False,False
01:59:15.801,14,I1,205,False,False
01:59:17.724,63,ST,312,False,False
01:59:20.114,1,ST,311,False,False
01:59:20.730,44,I2,187,False,False
01:59:22.120,16,I2,187,False,False
01:59:23.031,55,I2,186,False,False
01:59:26.248,23,ST,318,False,False
01:59:28.293,22,I2,184,False,False
01:59:28.297,12,ST,316,False,False
01:59:30.612,81,I1,212,False,False
01:59:32.042,6,I2,185,False,False
01:59:33.236,31,I2,187,False,False
01:59:33.691,44,ST,309,False,False
01:59:34.964,16,ST,310,False,False
01:59:35.914,55,ST,319,False,False
01:59:37.302,4,I1,212,False,False
01:59:40.991,10,I2,185,False,False
01:59:41.242,22,ST,309,False,False
01:59:45.040,6,ST,311,False,False
01:59:45.796,31,ST,326,False,False
01:59:49.220,27,I2,189,False,False
01:59:51.243,14,I2,185,False,False
01:59:53.853,10,ST,310,False,False
01:59:54.087,18,I2,186,False,False
02:00:00.840,63,I1,212,False,False
02:00:02.293,27,ST,299,False,False
02:00:03.275,1,I1,210,False,False
02:00:03.992,14,ST,312,False,False
02:00:05.087,81,I2,186,False,False
02:00:07.077,18,ST,318,False,False
02:00:09.829,23,I1,211,False,False
02:00:11.782,4,I2,187,False,False
02:00:11.876,12,I1,210,False,False
02:00:16.860,44,I1,209,False,False
02:00:18.051,81,ST,314,False,False
02:00:18.324,16,I1,211,False,False
02:00:19.741,55,I1,212,False,False
02:00:24.729,4,ST,314,False,False
02:00:29.652,31,I1,212,False,False
02:00:35.644,63,I2,186,False,False
02:00:37.815,1,I2,186,False,False
02:00:44.556,23,I2,186,False,False
02:00:46.681,12,I2,181,False,False
02:00:47.994,14,I1,208,False,False
02:00:48.639,63,ST,312,False,False
02:00:50.855,1,ST,311,False,False
02:00:51.781,44,I2,187,False,False
02:00:53.141,16,I2,187,False,False
02:00:54.682,55,I2,184,False,False
02:00:57.291,23,ST,317,False,False
02:00:59.559,22,I2,185,False,False
02:00:59.655,12,ST,320,False,False
02:01:00.803,81,I1,213,False,False
02:01:03.691,6,I2,185,False,False
02:01:04.681,44,ST,310,False,False
02:01:04.681,31,I2,187,False,False
02:01:06.032,16,ST,312,False,False
02:01:07.457,55,ST,320,False,False
02:01:07.508,4,I1,211,False,False
02:01:12.552,10,I2,186,False,False
02:01:12.811,22,ST,308,False,False
02:01:16.689,6,ST,310,False,False
02:01:17.366,31,ST,325,False,False
02:01:20.681,27,I2,189,False,False
02:01:23.303,14,I2,184,False,False
02:01:25.617,10,ST,306,False,False
02:01:26.215,18,I2,186,False,False
02:01:31.655,63,I1,211,False,False
02:01:33.756,1,I1,212,False,False
02:01:33.856,27,ST,300,False,False
02:01:35.526,81,I2,187,False,False
02:01:36.064,14,ST,311,False,False
02:01:39.121,18,ST,319,False,False
02:01:40.806,23,I1,214,False,False
02:01:42.040,4,I2,187,False,False
02:01:43.130,12,I1,205,False,False
02:01:47.874,44,I1,210,False,False
02:01:48.356,81,ST,314,False,False
02:01:51.035,55,I1,211,False,False
02:01:54.860,4,ST,314,False,False
02:01:55.781,22,I1,212,False,False
02:02:00.186,6,I1,212,False,False
02:02:01.249,31,I1,214,False,False
02:02:06.556,63,I2,185,False,False
02:02:08.392,1,I2,185,False,False
02:02:08.968,10,I1,213,False,False
02:02:15.404,23,I2,186,False,False
02:02:16.996,27,I1,217,False,True
02:02:18.359,12,I2,182,False,False
02:02:19.581,63,ST,313,False,False
02:02:21.293,1,ST,313,False,False
02:02:22.931,18,I1,211,False,False
02:02:23.058,44,I2,187,False,False
02:02:24.403,16,I2,187,False,False
02:02:25.892,55,I2,185,False,False
02:02:28.230,23,ST,317,False,False
02:02:30.959,22,I2,185,False,False
02:02:31.194,81,I1,216,False,False
02:02:31.256,12,ST,313,False,False
02:02:35.293,6,I2,185,False,False
02:02:36.017,44,ST,311,False,False
02:02:36.083,31,I2,186,False,False
02:02:37.271,16,ST,313,False,False
02:02:37.483,4,I1,210,False,False
02:02:38.672,55,ST,320,False,False
02:02:43.960,22,ST,305,False,False
02:02:44.066,10,I2,185,False,False
02:02:48.260,6,ST,310,False,False
02:02:48.809,31,ST,325,False,False
02:02:52.009,27,I2,189,False,False
02:02:55.280,14,I2,184,False,False
02:02:57.041,10,ST,300,False,False
02:02:58.416,18,I2,184,False,False
02:03:04.326,1,I1,211,False,False
02:03:04.982,27,ST,304,False,False
02:03:05.766,81,I2,187,False,False
02:03:08.313,14,ST,313,False,False
02:03:11.155,18,ST,319,False,False
02:03:12.026,23,I1,215,False,True
02:03:12.094,4,I2,186,False,False
02:03:15.014,12,I1,210,False,False
02:03:18.610,81,ST,315,False,False
02:03:19.171,44,I1,211,False,False
02:03:20.635,16,I1,210,False,False
02:03:22.377,55,I1,209,False,False
02:03:25.022,4,ST,312,False,False
02:03:31.882,6,I1,211,False,False
02:03:32.533,31,I1,215,False,False
02:03:37.355,63,I2,186,False,False
02:03:38.972,1,I2,185,False,False
02:03:46.758,23,I2,185,False,False
02:03:48.184,27,I1,216,False,False
02:03:49.943,12,I2,182,False,False
02:03:50.310,63,ST,311,False,False
02:03:51.960,1,ST,311,False,False
02:03:52.233,14,I1,211,False,False
02:03:54.358,44,I2,187,False,False
02:03:55.482,16,I2,186,False,False
02:03:57.110,55,I2,185,False,False
02:03:59.679,23,ST,315,False,False
02:04:01.512,81,I1,211,False,False
02:04:02.294,22,I2,184,False,False
02:04:02.916,12,ST,316,False,False
02:04:06.722,6,I2,185,False,False
02:04:07.157,44,ST,310,False,False
02:04:07.641,31,I2,187,False,False
02:04:07.658,4,I1,214,False,False
02:04:08.387,16,ST,313,False,False
02:04:09.941,55,ST,320,False,False
02:04:15.284,22,ST,310,False,False
02:04:15.617,10,I2,186,False,False
02:04:19.632,6,ST,311,False,False
02:04:20.221,31,ST,325,False,False
02:04:23.203,27,I2,188,False,False
02:04:27.582,14,I2,185,False,False
02:04:28.643,10,ST,303,False,False
02:04:30.619,18,I2,184,False,False
02:04:36.183,81,I2,186,False,False
02:04:36.252,27,ST,303,False,False
02:04:40.342,14,ST,306,False,False
02:04:42.370,4,I2,187,False,False
02:04:43.382,23,I1,214,False,False
02:04:43.482,18,ST,318,False,False
02:04:49.004,81,ST,314,False,False
02:04:50.413,44,I1,210,False,False
02:04:51.822,16,I1,209,False,False
02:04:53.467,55,I1,211,False,False
02:04:55.082,4,ST,312,False,False
02:05:04.181,31,I1,213,False,False
02:05:08.177,63,I2,186,False,False
02:05:09.757,1,I2,184,False,False
02:05:12.106,10,I1,212,False,False
02:05:18.053,23,I2,186,False,False
02:05:21.242,63,ST,310,False,False
02:05:21.582,12,I2,180,False,False
02:05:22.870,1,ST,314,False,False
02:05:24.293,14,I1,210,False,False
02:05:25.782,44,I2,186,False,False
02:05:26.704,16,I2,185,False,False
02:05:27.383,18,I1,212,False,False
02:05:28.331,55,I2,185,False,False
02:05:30.856,23,ST,316,False,False
02:05:31.907,81,I1,213,False,False
02:05:33.446,22,I2,183,False,False
02:05:34.645,12,ST,314,False,False
02:05:37.726,4,I1,209,False,False
02:05:38.148,6,I2,185,False,False
02:05:38.715,44,ST,311,False,False
02:05:39.257,31,I2,187,False,False
02:05:39.661,16,ST,313,False,False
02:05:40.988,55,ST,321,False,False
02:05:46.342,22,ST,308,False,False
02:05:47.156,10,I2,186,False,False
02:05:51.125,6,ST,308,False,False
02:05:52.027,31,ST,321,False,False
02:05:54.293,27,I2,188,False,False
02:05:59.506,14,I2,185,False,False
02:06:00.179,10,ST,302,False,False
02:06:02.915,18,I2,186,False,False
02:06:05.747,1,I1,212,False,False
02:06:06.304,81,I2,187,False,False
02:06:07.234,27,ST,305,False,False
02:06:12.282,4,I2,187,False,False
02:06:12.531,14,ST,307,False,False
02:06:14.342,23,I1,213,False,False
02:06:15.583,18,ST,318,False,False
02:06:17.949,12,I1,209,False,False
02:06:19.193,81,ST,316,False,False
02:06:22.079,44,I1,211,False,False
02:06:23.050,16,I1,210,False,False
02:06:25.175,4,ST,312,False,False
02:06:34.804,6,I1,209,False,False
02:06:35.743,31,I1,212,False,False
02:06:39.056,63,I2,185,False,False
02:06:40.657,1,I2,184,False,False
02:06:49.122,23,I2,186,False,False
02:06:50.516,27,I1,215,False,False
02:06:52.008,63,ST,309,False,False
02:06:52.817,12,I2,184,False,False
02:06:53.593,1,ST,310,False,False
02:06:56.220,14,I1,207,False,False
02:06:56.945,44,I2,187,False,False
02:06:57.858,16,I2,185,False,False
02:06:59.446,55,I2,184,False,False
02:06:59.660,18,I1,211,False,False
02:07:02.019,23,ST,317,False,False
02:07:02.347,81,I1,212,False,False
02:07:04.593,22,I2,184,False,False
02:07:05.721,12,ST,313,False,False
02:07:07.820,4,I1,211,False,False
02:07:09.643,6,I2,185,False,False
02:07:09.822,44,ST,312,False,False
02:07:10.633,16,ST,331,False,False
02:07:10.759,31,I2,187,False,False
02:07:12.158,55,ST,323,False,False
02:07:17.481,22,ST,309,False,False
02:07:18.657,10,I2,186,False,False
02:07:22.642,6,ST,311,False,False
02:07:23.684,31,ST,308,False,False
02:07:25.321,27,I2,188,False,False
02:07:31.544,14,I2,187,False,False
02:07:31.558,10,ST,305,False,False
02:07:34.975,63,I1,209,False,False
02:07:35.175,18,I2,186,False,False
02:07:36.907,81,I2,187,False,False
02:07:38.356,27,ST,306,False,False
02:07:42.510,4,I2,187,False,False
02:07:44.499,14,ST,304,False,False
02:07:45.640,23,I1,214,False,False
02:07:48.006,18,ST,318,False,False
02:07:49.363,12,I1,210,False,False
02:07:49.705,81,ST,318,False,False
02:07:53.243,44,I1,212,False,False
02:07:55.307,4,ST,318,False,False
02:07:55.847,55,I1,209,False,False
02:08:00.984,22,I1,211,False,False
02:08:06.306,6,I1,210,False,False
02:08:07.616,31,I1,213,False,False
02:08:09.857,63,I2,186,False,False
02:08:11.181,1,I2,185,False,False
02:08:15.478,10,I1,211,False,False
02:08:20.380,23,I2,186,False,False
02:08:21.685,27,I1,213,False,False
02:08:22.944,63,ST,313,False,False
02:08:24.123,1,ST,314,False,False
02:08:24.242,12,I2,183,False,False
02:08:28.160,14,I1,208,False,False
02:08:28.232,44,I2,187,False,False
02:08:29.204,16,I2,184,False,False
02:08:30.781,55,I2,185,False,False
02:08:31.920,18,I1,209,False,False
02:08:33.055,23,ST,318,False,False
02:08:33.096,81,I1,211,False,False
02:08:35.992,22,I2,184,False,False
02:08:37.283,12,ST,320,False,False
02:08:41.000,44,ST,315,False,False
02:08:41.133,6,I2,186,False,False
02:08:41.839,16,ST,328,False,False
02:08:42.894,31,I2,187,False,False
02:08:43.557,55,ST,322,False,False
02:08:48.880,22,ST,309,False,False
02:08:50.961,10,I2,185,False,False
02:08:54.150,6,ST,312,False,False
02:08:55.847,31,ST,306,False,False
02:08:56.725,27,I2,187,False,False
02:09:03.405,14,I2,186,False,False
02:09:04.018,10,ST,305,False,False
02:09:05.835,63,I1,211,False,False
02:09:07.380,1,I1,210,False,False
02:09:07.631,81,I2,188,False,False
02:09:09.580,18,I2,185,False,False
02:09:09.757,27,ST,306,False,False
02:09:12.457,4,I2,187,False,False
02:09:16.384,14,ST,302,False,False
02:09:20.516,81,ST,317,False,False
02:09:22.407,18,ST,321,False,False
02:09:25.334,4,ST,316,False,False
02:09:27.113,55,I1,210,False,False
02:09:37.905,6,I1,211,False,False
02:09:39.728,31,I1,214,False,False
02:09:40.673,63,I2,184,False,False
02:09:42.218,1,I2,184,False,False
02:09:47.757,10,I1,210,False,False
02:09:51.457,23,I2,185,False,False
02:09:52.999,27,I1,215,False,False
02:09:53.522,63,ST,312,False,False
02:09:55.088,1,ST,312,False,False
02:09:55.795,12,I2,185,False,False
02:09:59.233,44,I2,187,False,False
02:10:00.368,16,I2,184,False,False
02:10:01.784,55,I2,185,False,False
02:10:03.532,81,I1,213,False,False
02:10:04.261,23,ST,318,False,False
02:10:07.306,22,I2,185,False,False
02:10:08.055,4,I1,210,False,False
02:10:08.717,12,ST,318,False,False
02:10:12.078,44,ST,314,False,False
02:10:12.681,6,I2,185,False,False
02:10:13.156,16,ST,316,False,False
02:10:14.544,55,ST,321,False,False
02:10:14.849,31,I2,187,False,False
02:10:20.391,22,ST,311,False,False
02:10:22.843,10,I2,185,False,False
02:10:25.680,6,ST,314,False,False
02:10:27.795,27,I2,187,False,False
02:10:27.884,31,ST,309,False,False
02:10:35.594,14,I2,184,False,False
02:10:35.838,10,ST,308,False,False
02:10:38.170,81,I2,187,False,False
02:10:40.921,27,ST,309,False,False
02:10:42.460,4,I2,187,False,False
02:10:44.243,18,I2,183,False,False
02:10:48.494,14,ST,304,False,False
02:10:50.880,81,ST,319,False,False
02:10:52.214,12,I1,211,False,False
02:10:55.305,4,ST,317,False,False
02:10:55.920,44,I1,210,False,False
02:10:56.747,16,I1,208,False,False
02:10:57.084,18,ST,322,False,False
02:10:58.307,55,I1,209,False,False
02:11:11.385,31,I1,213,False,False
02:11:11.564,63,I2,185,False,False
02:11:13.433,1,I2,184,False,False
02:11:19.358,10,I1,213,False,False
02:11:22.398,23,I2,186,False,False
02:11:23.961,27,I1,214,False,False
02:11:24.496,63,ST,312,False,False
02:11:26.243,1,ST,315,False,False
02:11:27.164,12,I2,185,False,False
02:11:30.744,44,I2,187,False,False
02:11:31.457,16,I2,184,False,False
02:11:32.944,55,I2,185,False,False
02:11:33.918,81,I1,211,False,False
02:11:35.181,23,ST,319,False,False
02:11:38.446,22,I2,185,False,False
02:11:39.993,12,ST,315,False,False
02:11:41.406,18,I1,211,False,False
02:11:43.562,44,ST,315,False,False
02:11:44.121,16,ST,332,False,False
02:11:44.278,6,I2,185,False,False
02:11:45.658,55,ST,323,False,False
02:11:46.521,31,I2,187,False,False
02:11:51.362,22,ST,311,False,False
02:11:54.345,10,I2,186,False,False
02:11:57.316,6,ST,313,False,False
02:11:58.747,27,I2,187,False,False
02:11:59.462,31,ST,309,False,False
02:12:07.358,10,ST,296,False,False
02:12:07.526,63,I1,210,False,False
02:12:08.565,81,I2,188,False,False
02:12:09.435,14,I2,185,False,False
02:12:11.777,27,ST,307,False,False
02:12:12.711,4,I2,187,False,False
02:12:16.794,18,I2,185,False,False
02:12:21.460,81,ST,316,False,False
02:12:22.106,14,ST,315,False,False
02:12:25.428,4,ST,316,False,False
02:12:26.859,44,I1,209,False,False
02:12:27.587,16,I1,209,False,False
02:12:29.685,18,ST,318,False,False
02:12:34.785,22,I1,210,False,False
02:12:40.784,6,I1,212,False,False
02:12:42.386,63,I2,185,False,False
02:12:44.288,1,I2,186,False,False
02:12:50.775,10,I1,211,False,False
02:12:53.428,23,I2,186,False,False
02:12:55.344,63,ST,314,False,False
02:12:57.248,1,ST,313,False,False
02:12:58.468,12,I2,185,False,False
02:13:01.608,44,I2,188,False,False
02:13:02.459,16,I2,185,False,False
02:13:03.896,55,I2,187,False,False
02:13:04.185,81,I1,214,False,False
02:13:06.086,14,I1,212,False,False
02:13:06.420,23,ST,318,False,False
02:13:08.444,4,I1,212,False,False
02:13:09.876,22,I2,184,False,False
02:13:11.261,12,ST,318,False,False
02:13:13.861,18,I1,210,False,False
02:13:14.544,44,ST,315,False,False
02:13:15.066,16,ST,332,False,False
02:13:15.484,6,I2,187,False,False
02:13:16.521,55,ST,322,False,False
02:13:18.091,31,I2,188,False,False
02:13:22.985,22,ST,311,False,False
02:13:25.825,10,I2,185,False,False
02:13:28.344,6,ST,311,False,False
02:13:29.898,27,I2,188,False,False
02:13:30.978,31,ST,311,False,False
02:13:38.534,81,I2,188,False,True
02:13:38.783,10,ST,298,False,False
02:13:41.577,14,I2,183,False,False
02:13:42.835,4,I2,187,False,False
02:13:42.961,27,ST,306,False,False
02:13:49.338,18,I2,186,False,False
02:13:49.760,23,I1,215,False,False
02:13:51.333,81,ST,315,False,False
02:13:54.544,14,ST,299,False,False
02:13:55.535,4,ST,317,False,False
02:13:57.584,44,I1,211,False,False
02:14:00.433,55,I1,211,False,False
02:14:02.195,18,ST,317,False,False
02:14:11.828,6,I1,211,False,False
02:14:13.295,63,I2,186,False,False
02:14:14.860,1,I2,186,False,False
02:14:22.219,10,I1,214,False,True
02:14:24.339,23,I2,188,False,False
02:14:26.095,27,I1,215,False,False
02:14:26.306,63,ST,314,False,False
02:14:27.834,1,ST,314,False,False
02:14:29.424,12,I2,185,False,False
02:14:32.476,44,I2,187,False,False
02:14:33.127,16,I2,186,False,False
02:14:34.206,81,I1,213,False,False
02:14:34.784,55,I2,186,False,False
02:14:37.126,23,ST,318,False,False
02:14:38.196,4,I1,210,False,False
02:14:39.898,14,I1,205,False,False
02:14:41.066,22,I2,186,False,False
02:14:42.318,12,ST,318,False,False
02:14:45.370,44,ST,316,False,False
02:14:45.828,16,ST,329,False,False
02:14:46.235,18,I1,209,False,False
02:14:46.597,6,I2,186,False,False
02:14:47.508,55,ST,323,False,False
02:14:49.882,31,I2,186,False,False
02:14:54.070,22,ST,309,False,False
02:14:56.921,10,I2,187,False,False
02:14:59.434,6,ST,312,False,False
02:15:00.986,27,I2,187,False,False
02:15:02.867,31,ST,306,False,False
02:15:08.708,81,I2,188,False,False
02:15:09.285,63,I1,212,False,False
02:15:09.958,10,ST,298,False,False
02:15:10.983,1,I1,208,False,False
02:15:12.659,4,I2,188,False,False
02:15:13.961,27,ST,306,False,False
02:15:15.547,14,I2,182,False,False
02:15:20.576,23,I1,214,False,False
02:15:21.471,81,ST,315,False,False
02:15:21.569,18,I2,185,False,False
02:15:25.406,4,ST,315,False,False
02:15:28.498,44,I1,210,False,False
02:15:28.508,14,ST,296,False,False
02:15:29.336,16,I1,210,False,False
02:15:31.091,55,I1,212,False,False
02:15:34.545,18,ST,316,False,False
02:15:37.420,22,I1,212,False,False
02:15:44.096,63,I2,186,False,False
02:15:45.539,1,I2,184,False,False
02:15:53.462,10,I1,212,False,False
02:15:55.203,23,I2,186,False,False
02:15:56.959,63,ST,311,False,False
02:15:57.263,27,I1,214,False,False
02:15:58.459,1,ST,311,False,False
02:16:00.465,12,I2,186,False,False
02:16:03.125,44,I2,188,False,False
02:16:04.034,16,I2,186,False,False
02:16:04.319,81,I1,215,False,False
02:16:05.812,55,I2,187,False,False
02:16:08.013,4,I1,213,False,False
02:16:08.096,23,ST,316,False,False
02:16:12.396,22,I2,185,False,False
02:16:12.797,14,I1,212,False,False
02:16:13.334,12,ST,316,False,False
02:16:16.000,44,ST,315,False,False
02:16:16.644,16,ST,330,False,False
02:16:17.645,6,I2,186,False,False
02:16:18.445,55,ST,320,False,False
02:16:21.470,31,I2,188,False,False
02:16:25.310,22,ST,307,False,False
02:16:28.397,10,I2,186,False,False
02:16:30.453,6,ST,310,False,False
02:16:32.259,27,I2,188,False,False
02:16:34.535,31,ST,305,False,False
02:16:38.763,81,I2,188,False,True
02:16:40.025,63,I1,211,False,False
02:16:41.412,10,ST,293,False,False
02:16:41.537,1,I1,210,False,False
02:16:42.531,4,I2,187,False,False
02:16:45.325,27,ST,305,False,False
02:16:48.397,14,I2,185,False,False
02:16:51.362,23,I1,215,False,False
02:16:51.659,81,ST,315,False,False
02:16:53.359,18,I2,185,False,False
02:16:55.310,4,ST,314,False,False
02:16:59.129,44,I1,211,False,False
02:17:00.088,16,I1,209,False,False
02:17:01.307,14,ST,293,False,False
02:17:06.209,18,ST,317,False,False
02:17:08.748,22,I1,210,False,False
02:17:14.711,63,I2,186,False,False
02:17:16.107,1,I2,185,False,False
02:17:18.057,31,I1,214,False,False
02:17:24.961,10,I1,209,False,False
02:17:25.922,23,I2,187,False,False
02:17:27.729,63,ST,313,False,False
02:17:28.597,27,I1,212,False,False
02:17:29.037,1,ST,311,False,False
02:17:31.452,12,I2,186,False,True
02:17:33.826,44,I2,188,False,False
02:17:34.645,81,I1,213,False,False
02:17:34.677,16,I2,186,False,False
02:17:36.587,55,I2,187,False,False
02:17:38.045,4,I1,211,False,False
02:17:38.797,23,ST,316,False,False
02:17:43.565,22,I2,184,False,False
02:17:44.182,12,ST,317,False,False
02:17:45.349,14,I1,210,False,False
02:17:46.659,44,ST,317,False,False
02:17:47.259,16,ST,331,False,False
02:17:48.570,6,I2,186,False,False
02:17:49.286,55,ST,321,False,False
02:17:50.064,18,I1,210,False,False
02:17:53.161,31,I2,187,False,False
02:17:56.586,22,ST,313,False,False
02:17:59.960,10,I2,186,False,False
02:18:01.360,6,ST,312,False,False
02:18:03.740,27,I2,187,False,False
02:18:06.212,31,ST,310,False,False
02:18:09.026,81,I2,187,False,False
02:18:10.628,63,I1,210,False,False
02:18:12.163,1,I1,208,False,False
02:18:12.794,4,I2,188,False,False
02:18:12.857,10,ST,299,False,False
02:18:16.596,27,ST,308,False,False
02:18:20.898,14,I2,184,False,False
02:18:21.860,81,ST,312,False,False
02:18:25.360,18,I2,184,False,False
02:18:25.652,4,ST,306,False,False
02:18:27.647,12,I1,212,False,False
02:18:29.860,44,I1,207,False,False
02:18:30.766,16,I1,210,False,False
02:18:33.951,14,ST,310,False,False
02:18:38.123,18,ST,318,False,False
02:18:39.909,22,I1,212,False,False
02:18:45.407,63,I2,185,False,False
02:18:46.923,1,I2,185,False,False
02:18:49.609,31,I1,215,False,False
02:18:56.525,10,I1,212,False,False
02:18:56.628,23,I2,188,False,False
02:18:58.346,63,ST,312,False,False
02:18:59.786,1,ST,319,False,False
02:19:02.246,12,I2,186,False,False
02:19:05.297,16,I2,187,False,False
02:19:06.107,44,I2,189,False,False
02:19:07.297,55,I2,187,False,False
02:19:08.708,4,I1,210,False,False
02:19:09.386,23,ST,316,False,False
02:19:14.846,22,I2,185,False,False
02:19:15.086,12,ST,315,False,False
02:19:17.363,14,I1,208,False,False
02:19:18.163,16,ST,314,False,False
02:19:18.619,44,ST,330,False,False
02:19:19.629,6,I2,187,False,False
02:19:20.049,55,ST,322,False,False
02:19:22.269,18,I1,213,False,False
02:19:24.860,31,I2,188,False,False
02:19:27.768,22,ST,309,False,False
02:19:31.910,10,I2,187,False,False
02:19:32.597,6,ST,309,False,False
02:19:35.283,27,I2,186,False,False
02:19:37.845,31,ST,306,False,False
02:19:39.594,81,I2,188,False,False
02:19:41.189,63,I1,212,False,False
02:19:42.908,1,I1,210,False,False
02:19:43.346,4,I2,188,False,False
02:19:44.865,10,ST,302,False,False
02:19:48.387,27,ST,306,False,False
02:19:52.426,81,ST,308,False,False
02:19:52.741,14,I2,184,False,False
02:19:56.249,4,ST,309,False,False
02:19:57.608,18,I2,185,False,False
02:20:01.560,16,I1,211,False,False
02:20:02.337,44,I1,212,False,False
02:20:05.587,14,ST,296,False,False
02:20:10.336,18,ST,317,False,False
02:20:15.887,63,I2,186,False,False
02:20:16.245,6,I1,212,False,False
02:20:17.646,1,I2,185,False,False
02:20:21.520,31,I1,213,False,False
02:20:27.283,23,I2,187,False,False
02:20:28.860,63,ST,314,False,False
02:20:30.508,1,ST,310,False,False
02:20:31.777,27,I1,214,False,False
02:20:33.383,12,I2,185,False,False
02:20:35.446,81,I1,212,False,False
02:20:36.061,16,I2,186,False,False
02:20:36.895,44,I2,187,False,False
02:20:38.235,55,I2,186,False,False
02:20:38.948,4,I1,209,False,False
02:20:40.136,23,ST,316,False,False
02:20:46.098,22,I2,185,False,False
02:20:46.151,12,ST,315,False,False
02:20:48.949,16,ST,316,False,False
02:20:49.481,44,ST,332,False,False
02:20:50.846,55,ST,324,False,False
02:20:50.931,6,I2,186,False,False
02:20:54.237,18,I1,211,False,False
02:20:56.828,31,I2,188,False,False
02:20:59.061,22,ST,309,False,False
02:21:03.908,10,I2,187,False,False
02:21:03.961,6,ST,311,False,False
02:21:07.039,27,I2,187,False,False
02:21:09.746,31,ST,307,False,False
02:21:09.846,81,I2,189,False,True
02:21:11.593,63,I1,211,False,False
02:21:13.810,4,I2,188,False,False
02:21:14.089,1,I1,209,False,False
02:21:16.898,10,ST,299,False,False
02:21:19.810,27,ST,307,False,False
02:21:22.925,81,ST,309,False,False
02:21:25.161,14,I2,186,False,False
02:21:26.563,4,ST,308,False,False
02:21:30.067,18,I2,187,False,True
02:21:32.921,44,I1,211,False,False
02:21:38.179,14,ST,291,False,False
02:21:42.298,22,I1,213,False,False
02:21:42.809,18,ST,317,False,False
02:21:46.508,63,I2,186,False,False
02:21:47.298,6,I1,214,False,False
02:21:49.184,1,I2,185,False,False
02:21:53.225,31,I1,212,False,False
02:21:57.859,23,I2,187,False,False
02:21:59.414,63,ST,313,False,False
02:22:00.623,10,I1,211,False,False
02:22:02.210,1,ST,304,False,False
02:22:03.015,27,I1,213,False,False
02:22:04.278,12,I2,185,False,False
02:22:06.485,16,I2,183,False,False
02:22:07.808,44,I2,187,False,False
02:22:09.068,55,I2,186,False,False
02:22:09.630,4,I1,212,False,False
02:22:10.678,23,ST,314,False,False
02:22:17.147,12,ST,318,False,False
02:22:17.347,22,I2,185,False,False
02:22:19.398,16,ST,316,False,False
02:22:20.561,44,ST,313,False,False
02:22:21.748,55,ST,318,False,False
02:22:22.299,6,I2,186,False,False
02:22:22.387,14,I1,209,False,False
02:22:26.588,18,I1,213,False,False
02:22:28.551,31,I2,187,False,False
02:22:30.426,22,ST,311,False,False
02:22:35.101,6,ST,307,False,False
02:22:35.841,10,I2,187,False,False
02:22:38.010,27,I2,187,False,False
02:22:40.587,81,I2,188,False,False
02:22:41.549,31,ST,305,False,False
02:22:42.204,63,I1,213,False,False
02:22:44.521,4,I2,188,False,False
02:22:45.263,1,I1,210,False,False
02:22:48.802,10,ST,299,False,False
02:22:50.936,27,ST,312,False,False
02:22:53.484,81,ST,309,False,False
02:22:53.898,23,I1,216,False,True
02:22:57.409,4,ST,306,False,False
02:22:57.788,14,I2,186,False,False
02:23:00.337,12,I1,211,False,False
02:23:02.015,18,I2,186,False,False
02:23:05.269,55,I1,210,False,False
02:23:10.761,14,ST,300,False,False
02:23:13.510,22,I1,212,False,False
02:23:14.836,18,ST,316,False,False
02:23:17.131,63,I2,186,False,False
02:23:18.601,6,I1,212,False,False
02:23:19.907,1,I2,186,False,False
02:23:24.824,31,I1,214,False,False
02:23:28.491,23,I2,187,False,False
02:23:30.090,63,ST,312,False,False
02:23:32.340,10,I1,212,False,False
02:23:32.731,1,ST,311,False,False
02:23:34.293,27,I1,214,False,False
02:23:35.090,12,I2,186,False,False
02:23:36.664,81,I1,213,False,False
02:23:37.074,16,I2,187,False,False
02:23:38.851,44,I2,188,False,False
02:23:39.948,55,I2,186,False,False
02:23:41.200,23,ST,320,False,False
02:23:48.077,12,ST,315,False,False
02:23:48.447,22,I2,186,False,False
02:23:49.929,16,ST,316,False,False
02:23:51.636,44,ST,312,False,False
02:23:52.554,55,ST,324,False,False
02:23:53.340,6,I2,186,False,False
02:23:54.585,14,I1,211,False,False
02:23:58.751,18,I1,214,False,True
02:24:00.138,31,I2,187,False,False
02:24:01.437,22,ST,309,False,False
02:24:06.283,6,ST,314,False,False
02:24:07.343,10,I2,186,False,False
02:24:09.290,27,I2,186,False,False
02:24:11.152,81,I2,188,False,False
02:24:13.018,63,I1,212,False,False
02:24:13.158,31,ST,312,False,False
02:24:15.315,4,I2,188,False,False
02:24:20.352,10,ST,301,False,False
02:24:22.184,27,ST,313,False,False
02:24:24.076,81,ST,308,False,False
02:24:24.442,23,I1,215,False,False
02:24:28.212,4,ST,306,False,False
02:24:30.039,14,I2,186,False,False
02:24:31.106,12,I1,213,False,True
02:24:33.087,16,I1,212,False,False
02:24:34.110,18,I2,185,False,False
02:24:34.879,44,I1,210,False,False
02:24:42.998,14,ST,291,False,False
02:24:46.874,18,ST,318,False,False
02:24:48.166,63,I2,187,False,False
02:24:50.443,1,I2,187,False,False
02:24:56.397,31,I1,213,False,False
02:24:59.138,23,I2,187,False,False
02:25:01.105,63,ST,316,False,False
02:25:03.370,1,ST,312,False,False
02:25:03.926,10,I1,213,False,False
02:25:05.642,27,I1,211,False,False
02:25:06.037,12,I2,186,False,False
02:25:07.838,16,I2,185,False,False
02:25:09.799,44,I2,187,False,False
02:25:10.953,55,I2,184,False,False
02:25:11.148,4,I1,209,False,False
02:25:11.942,23,ST,315,False,False
02:25:18.864,12,ST,317,False,False
02:25:19.700,22,I2,184,False,False
02:25:20.801,16,ST,317,False,False
02:25:22.588,44,ST,318,False,False
02:25:23.572,55,ST,322,False,False
02:25:24.748,6,I2,186,False,False
02:25:26.603,14,I1,209,False,False
02:25:30.964,18,I1,212,False,False
02:25:31.688,31,I2,187,False,False
02:25:32.748,22,ST,315,False,True
02:25:37.569,6,ST,313,False,False
02:25:38.911,10,I2,186,False,False
02:25:40.914,27,I2,186,False,False
02:25:41.910,81,I2,188,False,False
02:25:44.247,63,I1,211,False,False
02:25:44.610,31,ST,312,False,False
02:25:46.288,4,I2,189,False,False
02:25:46.600,1,I1,212,False,False
02:25:51.937,10,ST,303,False,False
02:25:54.452,81,ST,323,False,False
02:25:54.872,27,ST,235,False,False
02:25:55.288,23,I1,214,False,False
02:25:59.210,4,ST,308,False,False
02:26:02.068,14,I2,187,False,False
02:26:02.237,12,I1,212,False,False
02:26:06.098,44,I1,211,False,False
02:26:06.533,18,I2,185,False,False
02:26:07.422,55,I1,213,False,False
02:26:15.027,14,ST,282,False,False
02:26:15.983,22,I1,213,False,False
02:26:19.124,63,I2,186,False,False
02:26:19.279,18,ST,320,False,False
02:26:21.223,6,I1,210,False,False
02:26:21.325,1,I2,184,False,False
02:26:29.786,23,I2,188,False,False
02:26:32.067,63,ST,317,False,False
02:26:34.237,1,ST,309,False,False
02:26:35.870,10,I1,210,False,False
02:26:37.087,12,I2,184,False,False
02:26:38.648,16,I2,185,False,False
02:26:41.059,44,I2,188,False,False
02:26:41.837,55,I2,188,False,True
02:26:42.530,23,ST,322,False,False
02:26:49.889,12,ST,314,False,False
02:26:50.865,22,I2,186,False,True
02:26:51.448,16,ST,317,False,False
02:26:54.006,44,ST,320,False,False
02:26:54.171,55,ST,340,False,True
02:26:56.092,6,I2,186,False,False
02:27:03.441,31,I2,188,False,False
02:27:03.750,22,ST,316,False,True
02:27:08.926,6,ST,318,False,False
02:27:11.162,10,I2,186,False,False
02:27:16.389,31,ST,305,False,False
02:27:24.163,10,ST,279,False,False
